TimeUTC,timestampInMs,requestPath,requestMethod,requestQueryString,responseStatusCode,requestId,requestUserAgent,level,environment,branch,vercelCache,type,function,host,deploymentDomain,deploymentId,durationMs,region,maxMemoryUsed,memorySize,message,projectId,traceId,sessionId,invocationId,instanceId,concurrency
2025-12-22 06:25:22,1766384722135,www.creamininja.com/auth/signin,GET,callbackUrl=https%3A%2F%2Fwww.creamininja.com%2F,304,gzft9-1766384722135-6cdce0ad6a3b,"Mozilla/5.0 (Macintosh; Intel Mac OS X 10_15_7) AppleWebKit/537.36 (KHTML, like Gecko) Chrome/143.0.0.0 Safari/537.36",,production,codex/fix-404-errors-in-collapsible-sidebar-1ktyio,HIT,static,/auth/signin.segments/_tree.segment,www.creamininja.com,cream-8gby7ereq-luke-wades-projects.vercel.app,dpl_ApoGwir2aaJQxXEWZo9hWmqcM1fu,,cle1,,,,prj_P2Frev1aB1rGdLxUfwpb3w9GuQGC,,,,,
2025-12-22 06:25:22,1766384722134,www.creamininja.com/auth/signin,GET,callbackUrl=https%3A%2F%2Fwww.creamininja.com%2Fauth%2Fforgot-password&_rsc=xvukf,304,l2nj9-1766384722134-94d370caeef6,"Mozilla/5.0 (Macintosh; Intel Mac OS X 10_15_7) AppleWebKit/537.36 (KHTML, like Gecko) Chrome/143.0.0.0 Safari/537.36",,production,codex/fix-404-errors-in-collapsible-sidebar-1ktyio,HIT,static,/auth/signin.segments/auth/signin.segment,www.creamininja.com,cream-8gby7ereq-luke-wades-projects.vercel.app,dpl_ApoGwir2aaJQxXEWZo9hWmqcM1fu,4,cle1,,,,prj_P2Frev1aB1rGdLxUfwpb3w9GuQGC,,,,,
2025-12-22 06:25:22,1766384722134,www.creamininja.com/auth/signin,GET,callbackUrl=https%3A%2F%2Fwww.creamininja.com%2Frecipes,304,j27fq-1766384722134-2673fc3b056e,"Mozilla/5.0 (Macintosh; Intel Mac OS X 10_15_7) AppleWebKit/537.36 (KHTML, like Gecko) Chrome/143.0.0.0 Safari/537.36",,production,codex/fix-404-errors-in-collapsible-sidebar-1ktyio,HIT,static,/auth/signin.segments/_tree.segment,www.creamininja.com,cream-8gby7ereq-luke-wades-projects.vercel.app,dpl_ApoGwir2aaJQxXEWZo9hWmqcM1fu,4,cle1,,,,prj_P2Frev1aB1rGdLxUfwpb3w9GuQGC,,,,,
2025-12-22 06:25:22,1766384722134,www.creamininja.com/auth/signin,GET,callbackUrl=https%3A%2F%2Fwww.creamininja.com%2Fauth%2Fforgot-password&_rsc=7ouu8,304,7ttgr-1766384722134-e195fb1b192d,"Mozilla/5.0 (Macintosh; Intel Mac OS X 10_15_7) AppleWebKit/537.36 (KHTML, like Gecko) Chrome/143.0.0.0 Safari/537.36",,production,codex/fix-404-errors-in-collapsible-sidebar-1ktyio,HIT,static,/auth/signin.segments/auth/signin/__PAGE__.segment,www.creamininja.com,cream-8gby7ereq-luke-wades-projects.vercel.app,dpl_ApoGwir2aaJQxXEWZo9hWmqcM1fu,7,cle1,,,,prj_P2Frev1aB1rGdLxUfwpb3w9GuQGC,,,,,
2025-12-22 06:25:22,1766384722090,www.creamininja.com/auth/signin,GET,callbackUrl=https%3A%2F%2Fwww.creamininja.com%2Fauth%2Fforgot-password&_rsc=eqy38,304,gzft9-1766384722090-e7981f62a1a0,"Mozilla/5.0 (Macintosh; Intel Mac OS X 10_15_7) AppleWebKit/537.36 (KHTML, like Gecko) Chrome/143.0.0.0 Safari/537.36",,production,codex/fix-404-errors-in-collapsible-sidebar-1ktyio,HIT,static,/auth/signin.segments/_head.segment,www.creamininja.com,cream-8gby7ereq-luke-wades-projects.vercel.app,dpl_ApoGwir2aaJQxXEWZo9hWmqcM1fu,,cle1,,,,prj_P2Frev1aB1rGdLxUfwpb3w9GuQGC,,,,,
2025-12-22 06:25:22,1766384722088,www.creamininja.com/auth/signup,GET,_rsc=1b1f8,304,7ttgr-1766384722088-1eef75a0b218,"Mozilla/5.0 (Macintosh; Intel Mac OS X 10_15_7) AppleWebKit/537.36 (KHTML, like Gecko) Chrome/143.0.0.0 Safari/537.36",,production,codex/fix-404-errors-in-collapsible-sidebar-1ktyio,HIT,static,/auth/signup.segments/auth/signup/__PAGE__.segment,www.creamininja.com,cream-8gby7ereq-luke-wades-projects.vercel.app,dpl_ApoGwir2aaJQxXEWZo9hWmqcM1fu,4,cle1,,,,prj_P2Frev1aB1rGdLxUfwpb3w9GuQGC,,,,,
2025-12-22 06:25:22,1766384722059,www.creamininja.com/api/auth/signin,GET,callbackUrl=%2Frecipes,302,l7fzs-1766384722059-a870bcc79890,"Mozilla/5.0 (Macintosh; Intel Mac OS X 10_15_7) AppleWebKit/537.36 (KHTML, like Gecko) Chrome/143.0.0.0 Safari/537.36",,production,codex/fix-404-errors-in-collapsible-sidebar-1ktyio,MISS,serverless,/api/auth/[...nextauth].rsc,www.creamininja.com,cream-8gby7ereq-luke-wades-projects.vercel.app,dpl_ApoGwir2aaJQxXEWZo9hWmqcM1fu,10,iad1,280,2048,,prj_P2Frev1aB1rGdLxUfwpb3w9GuQGC,,,01KD2BQR4Q28Y435F4FJY32WPV,cPmclu3pHH73,1
2025-12-22 06:25:22,1766384722059,www.creamininja.com/api/auth/signin,GET,callbackUrl=%2F&nxtPnextauth=signin,302,7ttgr-1766384722059-8d91e4c9aca4,"Mozilla/5.0 (Macintosh; Intel Mac OS X 10_15_7) AppleWebKit/537.36 (KHTML, like Gecko) Chrome/143.0.0.0 Safari/537.36",,production,codex/fix-404-errors-in-collapsible-sidebar-1ktyio,MISS,serverless,/api/auth/[...nextauth].rsc,www.creamininja.com,cream-8gby7ereq-luke-wades-projects.vercel.app,dpl_ApoGwir2aaJQxXEWZo9hWmqcM1fu,11,iad1,266,2048,,prj_P2Frev1aB1rGdLxUfwpb3w9GuQGC,,,01KD2BQR4N1TE1EYN5PD72WQJZ,Eoaxbl7TAoIg,1
2025-12-22 06:25:22,1766384722046,www.creamininja.com/auth/signup,GET,_rsc=we700,304,7ttgr-1766384722046-827323388cd6,"Mozilla/5.0 (Macintosh; Intel Mac OS X 10_15_7) AppleWebKit/537.36 (KHTML, like Gecko) Chrome/143.0.0.0 Safari/537.36",,production,codex/fix-404-errors-in-collapsible-sidebar-1ktyio,HIT,static,/auth/signup.segments/auth/signup.segment,www.creamininja.com,cream-8gby7ereq-luke-wades-projects.vercel.app,dpl_ApoGwir2aaJQxXEWZo9hWmqcM1fu,,cle1,,,,prj_P2Frev1aB1rGdLxUfwpb3w9GuQGC,,,,,
2025-12-22 06:25:22,1766384722044,www.creamininja.com/auth/signup,GET,_rsc=aiv4i,304,l7fzs-1766384722044-288f126eafb4,"Mozilla/5.0 (Macintosh; Intel Mac OS X 10_15_7) AppleWebKit/537.36 (KHTML, like Gecko) Chrome/143.0.0.0 Safari/537.36",,production,codex/fix-404-errors-in-collapsible-sidebar-1ktyio,HIT,static,/auth/signup.segments/auth.segment,www.creamininja.com,cream-8gby7ereq-luke-wades-projects.vercel.app,dpl_ApoGwir2aaJQxXEWZo9hWmqcM1fu,6,cle1,,,,prj_P2Frev1aB1rGdLxUfwpb3w9GuQGC,,,,,
2025-12-22 06:25:21,1766384721997,www.creamininja.com/auth/signup,GET,_rsc=35957,304,7ttgr-1766384721997-67c1b04a5cd4,"Mozilla/5.0 (Macintosh; Intel Mac OS X 10_15_7) AppleWebKit/537.36 (KHTML, like Gecko) Chrome/143.0.0.0 Safari/537.36",,production,codex/fix-404-errors-in-collapsible-sidebar-1ktyio,HIT,static,/auth/signup.segments/_index.segment,www.creamininja.com,cream-8gby7ereq-luke-wades-projects.vercel.app,dpl_ApoGwir2aaJQxXEWZo9hWmqcM1fu,,cle1,,,,prj_P2Frev1aB1rGdLxUfwpb3w9GuQGC,,,,,
2025-12-22 06:25:21,1766384721996,www.creamininja.com/auth/signup,GET,_rsc=eqy38,304,7ttgr-1766384721996-89b9815bfa0e,"Mozilla/5.0 (Macintosh; Intel Mac OS X 10_15_7) AppleWebKit/537.36 (KHTML, like Gecko) Chrome/143.0.0.0 Safari/537.36",,production,codex/fix-404-errors-in-collapsible-sidebar-1ktyio,HIT,static,/auth/signup.segments/_head.segment,www.creamininja.com,cream-8gby7ereq-luke-wades-projects.vercel.app,dpl_ApoGwir2aaJQxXEWZo9hWmqcM1fu,8,cle1,,,,prj_P2Frev1aB1rGdLxUfwpb3w9GuQGC,,,,,
2025-12-22 06:25:21,1766384721994,www.creamininja.com/auth/signin,GET,callbackUrl=https%3A%2F%2Fwww.creamininja.com%2Fconnections,304,gzft9-1766384721994-565c529e43fa,"Mozilla/5.0 (Macintosh; Intel Mac OS X 10_15_7) AppleWebKit/537.36 (KHTML, like Gecko) Chrome/143.0.0.0 Safari/537.36",,production,codex/fix-404-errors-in-collapsible-sidebar-1ktyio,HIT,static,/auth/signin.segments/_tree.segment,www.creamininja.com,cream-8gby7ereq-luke-wades-projects.vercel.app,dpl_ApoGwir2aaJQxXEWZo9hWmqcM1fu,,cle1,,,,prj_P2Frev1aB1rGdLxUfwpb3w9GuQGC,,,,,
2025-12-22 06:25:21,1766384721982,www.creamininja.com/,GET,_rsc=1u2lf,307,l7fzs-1766384721982-3c8d7d8308c2,"Mozilla/5.0 (Macintosh; Intel Mac OS X 10_15_7) AppleWebKit/537.36 (KHTML, like Gecko) Chrome/143.0.0.0 Safari/537.36",,production,codex/fix-404-errors-in-collapsible-sidebar-1ktyio,,middleware,middleware,www.creamininja.com,cream-8gby7ereq-luke-wades-projects.vercel.app,dpl_ApoGwir2aaJQxXEWZo9hWmqcM1fu,11,iad1,102,2048,,prj_P2Frev1aB1rGdLxUfwpb3w9GuQGC,,,01KD2BQR29JMRGCG5PTV1BX8GX,qWYtnxI4vdZ2,1
2025-12-22 06:25:21,1766384721982,www.creamininja.com/,GET,_rsc=1u2lf,307,l7fzs-1766384721982-3c8d7d8308c2,"Mozilla/5.0 (Macintosh; Intel Mac OS X 10_15_7) AppleWebKit/537.36 (KHTML, like Gecko) Chrome/143.0.0.0 Safari/537.36",,production,codex/fix-404-errors-in-collapsible-sidebar-1ktyio,,redirect,/,www.creamininja.com,cream-8gby7ereq-luke-wades-projects.vercel.app,dpl_ApoGwir2aaJQxXEWZo9hWmqcM1fu,40,cle1,,,,prj_P2Frev1aB1rGdLxUfwpb3w9GuQGC,,,,,
2025-12-22 06:25:21,1766384721980,www.creamininja.com/recipes,GET,_rsc=1u2lf,307,j27fq-1766384721980-793ba8eb1d00,"Mozilla/5.0 (Macintosh; Intel Mac OS X 10_15_7) AppleWebKit/537.36 (KHTML, like Gecko) Chrome/143.0.0.0 Safari/537.36",,production,codex/fix-404-errors-in-collapsible-sidebar-1ktyio,,middleware,middleware,www.creamininja.com,cream-8gby7ereq-luke-wades-projects.vercel.app,dpl_ApoGwir2aaJQxXEWZo9hWmqcM1fu,10,iad1,106,2048,,prj_P2Frev1aB1rGdLxUfwpb3w9GuQGC,,,01KD2BQR274JPYB0BM1PWKCJED,aORciYJlC8tg,1
2025-12-22 06:25:21,1766384721980,www.creamininja.com/recipes,GET,_rsc=1u2lf,307,j27fq-1766384721980-793ba8eb1d00,"Mozilla/5.0 (Macintosh; Intel Mac OS X 10_15_7) AppleWebKit/537.36 (KHTML, like Gecko) Chrome/143.0.0.0 Safari/537.36",,production,codex/fix-404-errors-in-collapsible-sidebar-1ktyio,,redirect,/recipes,www.creamininja.com,cream-8gby7ereq-luke-wades-projects.vercel.app,dpl_ApoGwir2aaJQxXEWZo9hWmqcM1fu,39,cle1,,,,prj_P2Frev1aB1rGdLxUfwpb3w9GuQGC,,,,,
2025-12-22 06:25:21,1766384721955,www.creamininja.com/auth/signin,GET,callbackUrl=https%3A%2F%2Fwww.creamininja.com%2Fauth%2Fforgot-password,304,l7fzs-1766384721955-a9c56a89e976,"Mozilla/5.0 (Macintosh; Intel Mac OS X 10_15_7) AppleWebKit/537.36 (KHTML, like Gecko) Chrome/143.0.0.0 Safari/537.36",,production,codex/fix-404-errors-in-collapsible-sidebar-1ktyio,HIT,static,/auth/signin.segments/_tree.segment,www.creamininja.com,cream-8gby7ereq-luke-wades-projects.vercel.app,dpl_ApoGwir2aaJQxXEWZo9hWmqcM1fu,1,cle1,,,,prj_P2Frev1aB1rGdLxUfwpb3w9GuQGC,,,,,
2025-12-22 06:25:21,1766384721935,www.creamininja.com/auth/signin,GET,callbackUrl=https%3A%2F%2Fwww.creamininja.com%2Fsaved,304,l7fzs-1766384721935-77de9ed138f1,"Mozilla/5.0 (Macintosh; Intel Mac OS X 10_15_7) AppleWebKit/537.36 (KHTML, like Gecko) Chrome/143.0.0.0 Safari/537.36",,production,codex/fix-404-errors-in-collapsible-sidebar-1ktyio,HIT,static,/auth/signin.segments/_tree.segment,www.creamininja.com,cream-8gby7ereq-luke-wades-projects.vercel.app,dpl_ApoGwir2aaJQxXEWZo9hWmqcM1fu,6,cle1,,,,prj_P2Frev1aB1rGdLxUfwpb3w9GuQGC,,,,,
2025-12-22 06:25:21,1766384721935,www.creamininja.com/auth/signin,GET,callbackUrl=https%3A%2F%2Fwww.creamininja.com%2Fai-genius,304,gzft9-1766384721935-ef9d09e563d3,"Mozilla/5.0 (Macintosh; Intel Mac OS X 10_15_7) AppleWebKit/537.36 (KHTML, like Gecko) Chrome/143.0.0.0 Safari/537.36",,production,codex/fix-404-errors-in-collapsible-sidebar-1ktyio,HIT,static,/auth/signin.segments/_tree.segment,www.creamininja.com,cream-8gby7ereq-luke-wades-projects.vercel.app,dpl_ApoGwir2aaJQxXEWZo9hWmqcM1fu,,cle1,,,,prj_P2Frev1aB1rGdLxUfwpb3w9GuQGC,,,,,
2025-12-22 06:25:21,1766384721913,www.creamininja.com/api/auth/signin,GET,callbackUrl=%2Fconnections,302,j27fq-1766384721913-4a7c522a4b1e,"Mozilla/5.0 (Macintosh; Intel Mac OS X 10_15_7) AppleWebKit/537.36 (KHTML, like Gecko) Chrome/143.0.0.0 Safari/537.36",,production,codex/fix-404-errors-in-collapsible-sidebar-1ktyio,MISS,serverless,/api/auth/[...nextauth].rsc,www.creamininja.com,cream-8gby7ereq-luke-wades-projects.vercel.app,dpl_ApoGwir2aaJQxXEWZo9hWmqcM1fu,10,iad1,266,2048,,prj_P2Frev1aB1rGdLxUfwpb3w9GuQGC,,,01KD2BQR05NRDWH395H93318YJ,Eoaxbl7TAoIg,1
2025-12-22 06:25:21,1766384721872,www.creamininja.com/api/auth/signin,GET,callbackUrl=%2Fauth%2Fforgot-password,302,gzft9-1766384721872-e011c78ccbad,"Mozilla/5.0 (Macintosh; Intel Mac OS X 10_15_7) AppleWebKit/537.36 (KHTML, like Gecko) Chrome/143.0.0.0 Safari/537.36",,production,codex/fix-404-errors-in-collapsible-sidebar-1ktyio,MISS,serverless,/api/auth/[...nextauth].rsc,www.creamininja.com,cream-8gby7ereq-luke-wades-projects.vercel.app,dpl_ApoGwir2aaJQxXEWZo9hWmqcM1fu,10,iad1,266,2048,,prj_P2Frev1aB1rGdLxUfwpb3w9GuQGC,,,01KD2BQQYVCE9Z3VH60BRNCQ5N,Eoaxbl7TAoIg,1
2025-12-22 06:25:21,1766384721862,www.creamininja.com/api/auth/session,GET,nxtPnextauth=session,200,j27fq-1766384721862-e1eceaa30778,"Mozilla/5.0 (Macintosh; Intel Mac OS X 10_15_7) AppleWebKit/537.36 (KHTML, like Gecko) Chrome/143.0.0.0 Safari/537.36",,production,codex/fix-404-errors-in-collapsible-sidebar-1ktyio,MISS,serverless,/api/auth/[...nextauth],www.creamininja.com,cream-8gby7ereq-luke-wades-projects.vercel.app,dpl_ApoGwir2aaJQxXEWZo9hWmqcM1fu,10,iad1,279,2048,,prj_P2Frev1aB1rGdLxUfwpb3w9GuQGC,,,01KD2BQQYHSCS84KXWXCDTDSBC,cPmclu3pHH73,1
2025-12-22 06:25:21,1766384721859,www.creamininja.com/api/auth/signin,GET,callbackUrl=%2Fsaved,302,l7fzs-1766384721859-795cb8028009,"Mozilla/5.0 (Macintosh; Intel Mac OS X 10_15_7) AppleWebKit/537.36 (KHTML, like Gecko) Chrome/143.0.0.0 Safari/537.36",,production,codex/fix-404-errors-in-collapsible-sidebar-1ktyio,MISS,serverless,/api/auth/[...nextauth].rsc,www.creamininja.com,cream-8gby7ereq-luke-wades-projects.vercel.app,dpl_ApoGwir2aaJQxXEWZo9hWmqcM1fu,11,iad1,272,2048,,prj_P2Frev1aB1rGdLxUfwpb3w9GuQGC,,,01KD2BQQYF4717WNB3D1VBCJRC,3AKIJ1YPVR5v,1
2025-12-22 06:25:21,1766384721859,www.creamininja.com/api/auth/signin,GET,callbackUrl=%2Fai-genius&nxtPnextauth=signin,302,7ttgr-1766384721859-1d0d931b27a3,"Mozilla/5.0 (Macintosh; Intel Mac OS X 10_15_7) AppleWebKit/537.36 (KHTML, like Gecko) Chrome/143.0.0.0 Safari/537.36",,production,codex/fix-404-errors-in-collapsible-sidebar-1ktyio,MISS,serverless,/api/auth/[...nextauth].rsc,www.creamininja.com,cream-8gby7ereq-luke-wades-projects.vercel.app,dpl_ApoGwir2aaJQxXEWZo9hWmqcM1fu,11,iad1,265,2048,,prj_P2Frev1aB1rGdLxUfwpb3w9GuQGC,,,01KD2BQQYF4717WNB3D45TSAQ3,Eoaxbl7TAoIg,1
2025-12-22 06:25:21,1766384721831,www.creamininja.com/connections,GET,_rsc=1u2lf,307,7ttgr-1766384721831-05099ab03f17,"Mozilla/5.0 (Macintosh; Intel Mac OS X 10_15_7) AppleWebKit/537.36 (KHTML, like Gecko) Chrome/143.0.0.0 Safari/537.36",,production,codex/fix-404-errors-in-collapsible-sidebar-1ktyio,,middleware,middleware,www.creamininja.com,cream-8gby7ereq-luke-wades-projects.vercel.app,dpl_ApoGwir2aaJQxXEWZo9hWmqcM1fu,10,iad1,105,2048,,prj_P2Frev1aB1rGdLxUfwpb3w9GuQGC,,,01KD2BQQXK5GEXBGEN407RM77K,aORciYJlC8tg,1
2025-12-22 06:25:21,1766384721831,www.creamininja.com/connections,GET,_rsc=1u2lf,307,7ttgr-1766384721831-05099ab03f17,"Mozilla/5.0 (Macintosh; Intel Mac OS X 10_15_7) AppleWebKit/537.36 (KHTML, like Gecko) Chrome/143.0.0.0 Safari/537.36",,production,codex/fix-404-errors-in-collapsible-sidebar-1ktyio,,redirect,/connections,www.creamininja.com,cream-8gby7ereq-luke-wades-projects.vercel.app,dpl_ApoGwir2aaJQxXEWZo9hWmqcM1fu,,cle1,,,,prj_P2Frev1aB1rGdLxUfwpb3w9GuQGC,,,,,
2025-12-22 06:25:21,1766384721783,www.creamininja.com/auth/forgot-password,GET,_rsc=1u2lf,307,l7fzs-1766384721783-1ce4a9499e1f,"Mozilla/5.0 (Macintosh; Intel Mac OS X 10_15_7) AppleWebKit/537.36 (KHTML, like Gecko) Chrome/143.0.0.0 Safari/537.36",,production,codex/fix-404-errors-in-collapsible-sidebar-1ktyio,,middleware,middleware,www.creamininja.com,cream-8gby7ereq-luke-wades-projects.vercel.app,dpl_ApoGwir2aaJQxXEWZo9hWmqcM1fu,10,iad1,105,2048,,prj_P2Frev1aB1rGdLxUfwpb3w9GuQGC,,,01KD2BQQW2565N0B407S992S2S,aORciYJlC8tg,1
2025-12-22 06:25:21,1766384721783,www.creamininja.com/auth/forgot-password,GET,_rsc=1u2lf,307,l7fzs-1766384721783-1ce4a9499e1f,"Mozilla/5.0 (Macintosh; Intel Mac OS X 10_15_7) AppleWebKit/537.36 (KHTML, like Gecko) Chrome/143.0.0.0 Safari/537.36",,production,codex/fix-404-errors-in-collapsible-sidebar-1ktyio,,redirect,/auth/forgot-password,www.creamininja.com,cream-8gby7ereq-luke-wades-projects.vercel.app,dpl_ApoGwir2aaJQxXEWZo9hWmqcM1fu,52,cle1,,,,prj_P2Frev1aB1rGdLxUfwpb3w9GuQGC,,,,,
2025-12-22 06:25:21,1766384721783,www.creamininja.com/ai-genius,GET,_rsc=1u2lf,307,j27fq-1766384721783-4a89146eee42,"Mozilla/5.0 (Macintosh; Intel Mac OS X 10_15_7) AppleWebKit/537.36 (KHTML, like Gecko) Chrome/143.0.0.0 Safari/537.36",,production,codex/fix-404-errors-in-collapsible-sidebar-1ktyio,,middleware,middleware,www.creamininja.com,cream-8gby7ereq-luke-wades-projects.vercel.app,dpl_ApoGwir2aaJQxXEWZo9hWmqcM1fu,10,iad1,104,2048,,prj_P2Frev1aB1rGdLxUfwpb3w9GuQGC,,,01KD2BQQW1TDK25MKGZ7C94BPC,aORciYJlC8tg,1
2025-12-22 06:25:21,1766384721783,www.creamininja.com/ai-genius,GET,_rsc=1u2lf,307,j27fq-1766384721783-4a89146eee42,"Mozilla/5.0 (Macintosh; Intel Mac OS X 10_15_7) AppleWebKit/537.36 (KHTML, like Gecko) Chrome/143.0.0.0 Safari/537.36",,production,codex/fix-404-errors-in-collapsible-sidebar-1ktyio,,redirect,/ai-genius,www.creamininja.com,cream-8gby7ereq-luke-wades-projects.vercel.app,dpl_ApoGwir2aaJQxXEWZo9hWmqcM1fu,38,cle1,,,,prj_P2Frev1aB1rGdLxUfwpb3w9GuQGC,,,,,
2025-12-22 06:25:21,1766384721783,www.creamininja.com/auth/signup,GET,_rsc=1u2lf,304,gzft9-1766384721783-341255905b4a,"Mozilla/5.0 (Macintosh; Intel Mac OS X 10_15_7) AppleWebKit/537.36 (KHTML, like Gecko) Chrome/143.0.0.0 Safari/537.36",,production,codex/fix-404-errors-in-collapsible-sidebar-1ktyio,HIT,static,/auth/signup.segments/_tree.segment,www.creamininja.com,cream-8gby7ereq-luke-wades-projects.vercel.app,dpl_ApoGwir2aaJQxXEWZo9hWmqcM1fu,,cle1,,,,prj_P2Frev1aB1rGdLxUfwpb3w9GuQGC,,,,,
2025-12-22 06:25:21,1766384721783,www.creamininja.com/saved,GET,_rsc=1u2lf,307,7ttgr-1766384721783-e73137e824f6,"Mozilla/5.0 (Macintosh; Intel Mac OS X 10_15_7) AppleWebKit/537.36 (KHTML, like Gecko) Chrome/143.0.0.0 Safari/537.36",,production,codex/fix-404-errors-in-collapsible-sidebar-1ktyio,,middleware,middleware,www.creamininja.com,cream-8gby7ereq-luke-wades-projects.vercel.app,dpl_ApoGwir2aaJQxXEWZo9hWmqcM1fu,10,iad1,102,2048,,prj_P2Frev1aB1rGdLxUfwpb3w9GuQGC,,,01KD2BQQW3W27ZJ21368MH1MST,qWYtnxI4vdZ2,1
2025-12-22 06:25:21,1766384721783,www.creamininja.com/saved,GET,_rsc=1u2lf,307,7ttgr-1766384721783-e73137e824f6,"Mozilla/5.0 (Macintosh; Intel Mac OS X 10_15_7) AppleWebKit/537.36 (KHTML, like Gecko) Chrome/143.0.0.0 Safari/537.36",,production,codex/fix-404-errors-in-collapsible-sidebar-1ktyio,,redirect,/saved,www.creamininja.com,cream-8gby7ereq-luke-wades-projects.vercel.app,dpl_ApoGwir2aaJQxXEWZo9hWmqcM1fu,38,cle1,,,,prj_P2Frev1aB1rGdLxUfwpb3w9GuQGC,,,,,
2025-12-22 06:25:21,1766384721782,www.creamininja.com/api/auth/session,GET,nxtPnextauth=session,200,7ttgr-1766384721782-b52f4a2e5b3f,"Mozilla/5.0 (Macintosh; Intel Mac OS X 10_15_7) AppleWebKit/537.36 (KHTML, like Gecko) Chrome/143.0.0.0 Safari/537.36",,production,codex/fix-404-errors-in-collapsible-sidebar-1ktyio,MISS,serverless,/api/auth/[...nextauth],www.creamininja.com,cream-8gby7ereq-luke-wades-projects.vercel.app,dpl_ApoGwir2aaJQxXEWZo9hWmqcM1fu,12,iad1,271,2048,,prj_P2Frev1aB1rGdLxUfwpb3w9GuQGC,,,01KD2BQQW52E5EDS2YAK2HGXRY,3AKIJ1YPVR5v,1
2025-12-22 06:25:21,1766384721689,www.creamininja.com/auth/signin,GET,callbackUrl=https%3A%2F%2Fwww.creamininja.com%2F&error=OAuthSignin,304,l7fzs-1766384721689-217c35867ebf,"Mozilla/5.0 (Macintosh; Intel Mac OS X 10_15_7) AppleWebKit/537.36 (KHTML, like Gecko) Chrome/143.0.0.0 Safari/537.36",,production,codex/fix-404-errors-in-collapsible-sidebar-1ktyio,HIT,static,/auth/signin,www.creamininja.com,cream-8gby7ereq-luke-wades-projects.vercel.app,dpl_ApoGwir2aaJQxXEWZo9hWmqcM1fu,5,cle1,,,,prj_P2Frev1aB1rGdLxUfwpb3w9GuQGC,,,,,
2025-12-22 06:25:21,1766384721603,www.creamininja.com/api/auth/signin,GET,error=OAuthSignin,302,l7fzs-1766384721603-4f3ddfb0854e,"Mozilla/5.0 (Macintosh; Intel Mac OS X 10_15_7) AppleWebKit/537.36 (KHTML, like Gecko) Chrome/143.0.0.0 Safari/537.36",,production,codex/fix-404-errors-in-collapsible-sidebar-1ktyio,MISS,serverless,/api/auth/[...nextauth],www.creamininja.com,cream-8gby7ereq-luke-wades-projects.vercel.app,dpl_ApoGwir2aaJQxXEWZo9hWmqcM1fu,11,iad1,270,2048,,prj_P2Frev1aB1rGdLxUfwpb3w9GuQGC,,,01KD2BQQPFCJTR5J8DZ8XZFF40,3AKIJ1YPVR5v,1
2025-12-22 06:25:21,1766384721527,www.creamininja.com/api/auth/error,GET,error=OAuthSignin,302,7ttgr-1766384721527-f4bfc08b2816,"Mozilla/5.0 (Macintosh; Intel Mac OS X 10_15_7) AppleWebKit/537.36 (KHTML, like Gecko) Chrome/143.0.0.0 Safari/537.36",,production,codex/fix-404-errors-in-collapsible-sidebar-1ktyio,MISS,serverless,/api/auth/[...nextauth],www.creamininja.com,cream-8gby7ereq-luke-wades-projects.vercel.app,dpl_ApoGwir2aaJQxXEWZo9hWmqcM1fu,10,iad1,270,2048,,prj_P2Frev1aB1rGdLxUfwpb3w9GuQGC,,,01KD2BQQM3AY8JM51Y7WDR3P0J,3AKIJ1YPVR5v,1
2025-12-22 06:25:21,1766384721455,www.creamininja.com/api/auth/signin/google,POST,nxtPnextauth=signin%2Fgoogle,200,l2nj9-1766384721399-53336a104b09,"Mozilla/5.0 (Macintosh; Intel Mac OS X 10_15_7) AppleWebKit/537.36 (KHTML, like Gecko) Chrome/143.0.0.0 Safari/537.36",error,production,codex/fix-404-errors-in-collapsible-sidebar-1ktyio,MISS,serverless,/api/auth/[...nextauth],www.creamininja.com,cream-8gby7ereq-luke-wades-projects.vercel.app,dpl_ApoGwir2aaJQxXEWZo9hWmqcM1fu,,,,,(node:4) [DEP0169] DeprecationWarning: `url.parse()` behavior is not standardized and prone to errors that have security implications. Use the WHATWG URL API instead. CVEs are not issued for `url.parse()` vulnerabilities.,prj_P2Frev1aB1rGdLxUfwpb3w9GuQGC,,,,,
2025-12-22 06:25:21,1766384721475,www.creamininja.com/api/auth/signin/google,POST,nxtPnextauth=signin%2Fgoogle,200,l2nj9-1766384721399-53336a104b09,"Mozilla/5.0 (Macintosh; Intel Mac OS X 10_15_7) AppleWebKit/537.36 (KHTML, like Gecko) Chrome/143.0.0.0 Safari/537.36",error,production,codex/fix-404-errors-in-collapsible-sidebar-1ktyio,MISS,serverless,/api/auth/[...nextauth],www.creamininja.com,cream-8gby7ereq-luke-wades-projects.vercel.app,dpl_ApoGwir2aaJQxXEWZo9hWmqcM1fu,,,,,"[next-auth][error][SIGNIN_OAUTH_ERROR] 
https://next-auth.js.org/errors#signin_oauth_error client_id is required {
  error: {
    message: 'client_id is required',
    stack: 'TypeError: client_id is required\n' +
      '    at new Y (/var/task/.next/server/chunks/[root-of-the-server]__d68d2615._.js:1:145527)\n' +
      '    at new <anonymous> (/var/task/.next/server/chunks/[root-of-the-server]__d68d2615._.js:10:22221)\n' +
      '    at o (/var/task/.next/server/chunks/[root-of-the-server]__d68d2615._.js:10:30116)\n' +
      '    at process.processTicksAndRejections (node:internal/process/task_queues:105:5)\n' +
      '    at async s (/var/task/.next/server/chunks/[root-of-the-server]__d68d2615._.js:10:70473)\n' +
      '    at async Object.s (/var/task/.next/server/chunks/[root-of-the-server]__d68d2615._.js:10:71837)\n' +
      '    at async _ (/var/task/.next/server/chunks/[root-of-the-server]__d68d2615._.js:34:20500)\n' +
      '    at async a (/var/task/.next/server/chunks/[root-of-the-server]__d68d2615._.js:34:41809)\n' +
      '    at async e.length.t (/var/task/.next/server/chunks/[root-of-the-server]__d68d2615._.js:34:43252)\n' +
      '    at async rM.do (/var/task/node_modules/next/dist/compiled/next-server/app-route-turbo.runtime.prod.js:5:20152)',
    name: 'TypeError'
  },
  providerId: 'google',
  message: 'client_id is required'
}",prj_P2Frev1aB1rGdLxUfwpb3w9GuQGC,,,,,
2025-12-22 06:25:21,1766384721399,www.creamininja.com/api/auth/signin/google,POST,nxtPnextauth=signin%2Fgoogle,200,l2nj9-1766384721399-53336a104b09,"Mozilla/5.0 (Macintosh; Intel Mac OS X 10_15_7) AppleWebKit/537.36 (KHTML, like Gecko) Chrome/143.0.0.0 Safari/537.36",,production,codex/fix-404-errors-in-collapsible-sidebar-1ktyio,MISS,serverless,/api/auth/[...nextauth],www.creamininja.com,cream-8gby7ereq-luke-wades-projects.vercel.app,dpl_ApoGwir2aaJQxXEWZo9hWmqcM1fu,56,iad1,269,2048,,prj_P2Frev1aB1rGdLxUfwpb3w9GuQGC,,,01KD2BQQG4TABX0WVWCB7BFG7G,3AKIJ1YPVR5v,1
2025-12-22 06:25:21,1766384721320,www.creamininja.com/api/auth/csrf,GET,nxtPnextauth=csrf,200,7ttgr-1766384721320-828ad9427c4e,"Mozilla/5.0 (Macintosh; Intel Mac OS X 10_15_7) AppleWebKit/537.36 (KHTML, like Gecko) Chrome/143.0.0.0 Safari/537.36",,production,codex/fix-404-errors-in-collapsible-sidebar-1ktyio,MISS,serverless,/api/auth/[...nextauth],www.creamininja.com,cream-8gby7ereq-luke-wades-projects.vercel.app,dpl_ApoGwir2aaJQxXEWZo9hWmqcM1fu,12,iad1,266,2048,,prj_P2Frev1aB1rGdLxUfwpb3w9GuQGC,,,01KD2BQQDKBNGKYQAQREBNHXGA,3AKIJ1YPVR5v,1
2025-12-22 06:25:21,1766384721226,www.creamininja.com/api/auth/providers,GET,nxtPnextauth=providers,200,j27fq-1766384721226-aebfd823967f,"Mozilla/5.0 (Macintosh; Intel Mac OS X 10_15_7) AppleWebKit/537.36 (KHTML, like Gecko) Chrome/143.0.0.0 Safari/537.36",,production,codex/fix-404-errors-in-collapsible-sidebar-1ktyio,MISS,serverless,/api/auth/[...nextauth],www.creamininja.com,cream-8gby7ereq-luke-wades-projects.vercel.app,dpl_ApoGwir2aaJQxXEWZo9hWmqcM1fu,20,iad1,266,2048,,prj_P2Frev1aB1rGdLxUfwpb3w9GuQGC,,,01KD2BQQAZHTN2JXVT1FKFDEAM,3AKIJ1YPVR5v,1
2025-12-22 06:25:19,1766384719950,www.creamininja.com/auth/signin,GET,callbackUrl=https%3A%2F%2Fwww.creamininja.com%2Fauth%2Fforgot-password&_rsc=7ouu8,200,42skj-1766384719950-91669f896ca5,"Mozilla/5.0 (Macintosh; Intel Mac OS X 10_15_7) AppleWebKit/537.36 (KHTML, like Gecko) Chrome/143.0.0.0 Safari/537.36",,production,codex/fix-404-errors-in-collapsible-sidebar-1ktyio,HIT,static,/auth/signin.segments/auth/signin/__PAGE__.segment,www.creamininja.com,cream-8gby7ereq-luke-wades-projects.vercel.app,dpl_ApoGwir2aaJQxXEWZo9hWmqcM1fu,,cle1,,,,prj_P2Frev1aB1rGdLxUfwpb3w9GuQGC,,,,,
2025-12-22 06:25:19,1766384719927,www.creamininja.com/auth/signin,GET,callbackUrl=https%3A%2F%2Fwww.creamininja.com%2Fauth%2Fforgot-password&_rsc=xvukf,200,qg2fl-1766384719927-e5812c84544a,"Mozilla/5.0 (Macintosh; Intel Mac OS X 10_15_7) AppleWebKit/537.36 (KHTML, like Gecko) Chrome/143.0.0.0 Safari/537.36",,production,codex/fix-404-errors-in-collapsible-sidebar-1ktyio,HIT,static,/auth/signin.segments/auth/signin.segment,www.creamininja.com,cream-8gby7ereq-luke-wades-projects.vercel.app,dpl_ApoGwir2aaJQxXEWZo9hWmqcM1fu,5,cle1,,,,prj_P2Frev1aB1rGdLxUfwpb3w9GuQGC,,,,,
2025-12-22 06:25:19,1766384719879,www.creamininja.com/auth/signin,GET,callbackUrl=https%3A%2F%2Fwww.creamininja.com%2Fauth%2Fforgot-password&_rsc=eqy38,200,79gss-1766384719879-2457aabe6be1,"Mozilla/5.0 (Macintosh; Intel Mac OS X 10_15_7) AppleWebKit/537.36 (KHTML, like Gecko) Chrome/143.0.0.0 Safari/537.36",,production,codex/fix-404-errors-in-collapsible-sidebar-1ktyio,HIT,static,/auth/signin.segments/_head.segment,www.creamininja.com,cream-8gby7ereq-luke-wades-projects.vercel.app,dpl_ApoGwir2aaJQxXEWZo9hWmqcM1fu,,cle1,,,,prj_P2Frev1aB1rGdLxUfwpb3w9GuQGC,,,,,
2025-12-22 06:25:19,1766384719833,www.creamininja.com/auth/signin,GET,callbackUrl=https%3A%2F%2Fwww.creamininja.com%2F,304,79gss-1766384719833-c16b51318597,"Mozilla/5.0 (Macintosh; Intel Mac OS X 10_15_7) AppleWebKit/537.36 (KHTML, like Gecko) Chrome/143.0.0.0 Safari/537.36",,production,codex/fix-404-errors-in-collapsible-sidebar-1ktyio,HIT,static,/auth/signin.segments/_tree.segment,www.creamininja.com,cream-8gby7ereq-luke-wades-projects.vercel.app,dpl_ApoGwir2aaJQxXEWZo9hWmqcM1fu,,cle1,,,,prj_P2Frev1aB1rGdLxUfwpb3w9GuQGC,,,,,
2025-12-22 06:25:19,1766384719833,www.creamininja.com/auth/signup,GET,_rsc=1b1f8,200,42skj-1766384719833-5dfb40fe9a0e,"Mozilla/5.0 (Macintosh; Intel Mac OS X 10_15_7) AppleWebKit/537.36 (KHTML, like Gecko) Chrome/143.0.0.0 Safari/537.36",,production,codex/fix-404-errors-in-collapsible-sidebar-1ktyio,PRERENDER,static,/auth/signup.segments/auth/signup/__PAGE__.segment,www.creamininja.com,cream-8gby7ereq-luke-wades-projects.vercel.app,dpl_ApoGwir2aaJQxXEWZo9hWmqcM1fu,,cle1,,,,prj_P2Frev1aB1rGdLxUfwpb3w9GuQGC,,,,,
2025-12-22 06:25:19,1766384719820,www.creamininja.com/auth/signup,GET,_rsc=we700,200,7ttgr-1766384719820-0ec360fdb653,"Mozilla/5.0 (Macintosh; Intel Mac OS X 10_15_7) AppleWebKit/537.36 (KHTML, like Gecko) Chrome/143.0.0.0 Safari/537.36",,production,codex/fix-404-errors-in-collapsible-sidebar-1ktyio,PRERENDER,static,/auth/signup.segments/auth/signup.segment,www.creamininja.com,cream-8gby7ereq-luke-wades-projects.vercel.app,dpl_ApoGwir2aaJQxXEWZo9hWmqcM1fu,,cle1,,,,prj_P2Frev1aB1rGdLxUfwpb3w9GuQGC,,,,,
2025-12-22 06:25:19,1766384719804,www.creamininja.com/auth/signup,GET,_rsc=aiv4i,200,qg2fl-1766384719804-635234a2dbcd,"Mozilla/5.0 (Macintosh; Intel Mac OS X 10_15_7) AppleWebKit/537.36 (KHTML, like Gecko) Chrome/143.0.0.0 Safari/537.36",,production,codex/fix-404-errors-in-collapsible-sidebar-1ktyio,PRERENDER,static,/auth/signup.segments/auth.segment,www.creamininja.com,cream-8gby7ereq-luke-wades-projects.vercel.app,dpl_ApoGwir2aaJQxXEWZo9hWmqcM1fu,118,cle1,,,,prj_P2Frev1aB1rGdLxUfwpb3w9GuQGC,,,,,
2025-12-22 06:25:19,1766384719762,www.creamininja.com/auth/signin,GET,callbackUrl=https%3A%2F%2Fwww.creamininja.com%2Frecipes,304,42skj-1766384719762-622f16936084,"Mozilla/5.0 (Macintosh; Intel Mac OS X 10_15_7) AppleWebKit/537.36 (KHTML, like Gecko) Chrome/143.0.0.0 Safari/537.36",,production,codex/fix-404-errors-in-collapsible-sidebar-1ktyio,HIT,static,/auth/signin.segments/_tree.segment,www.creamininja.com,cream-8gby7ereq-luke-wades-projects.vercel.app,dpl_ApoGwir2aaJQxXEWZo9hWmqcM1fu,,cle1,,,,prj_P2Frev1aB1rGdLxUfwpb3w9GuQGC,,,,,
2025-12-22 06:25:19,1766384719753,www.creamininja.com/api/auth/signin,GET,callbackUrl=%2F,302,qg2fl-1766384719753-46770bd407cf,"Mozilla/5.0 (Macintosh; Intel Mac OS X 10_15_7) AppleWebKit/537.36 (KHTML, like Gecko) Chrome/143.0.0.0 Safari/537.36",,production,codex/fix-404-errors-in-collapsible-sidebar-1ktyio,MISS,serverless,/api/auth/[...nextauth].rsc,www.creamininja.com,cream-8gby7ereq-luke-wades-projects.vercel.app,dpl_ApoGwir2aaJQxXEWZo9hWmqcM1fu,11,iad1,265,2048,,prj_P2Frev1aB1rGdLxUfwpb3w9GuQGC,,,01KD2BQNWM20EVE4KVTF7ENZ4G,3AKIJ1YPVR5v,1
2025-12-22 06:25:19,1766384719690,www.creamininja.com/auth/signup,GET,_rsc=35957,200,7ttgr-1766384719690-7cab91a2fc9d,"Mozilla/5.0 (Macintosh; Intel Mac OS X 10_15_7) AppleWebKit/537.36 (KHTML, like Gecko) Chrome/143.0.0.0 Safari/537.36",,production,codex/fix-404-errors-in-collapsible-sidebar-1ktyio,PRERENDER,static,/auth/signup.segments/_index.segment,www.creamininja.com,cream-8gby7ereq-luke-wades-projects.vercel.app,dpl_ApoGwir2aaJQxXEWZo9hWmqcM1fu,,cle1,,,,prj_P2Frev1aB1rGdLxUfwpb3w9GuQGC,,,,,
2025-12-22 06:25:19,1766384719688,www.creamininja.com/auth/signup,GET,_rsc=eqy38,200,dj8rt-1766384719688-8e37bc2e8834,"Mozilla/5.0 (Macintosh; Intel Mac OS X 10_15_7) AppleWebKit/537.36 (KHTML, like Gecko) Chrome/143.0.0.0 Safari/537.36",,production,codex/fix-404-errors-in-collapsible-sidebar-1ktyio,PRERENDER,static,/auth/signup.segments/_head.segment,www.creamininja.com,cream-8gby7ereq-luke-wades-projects.vercel.app,dpl_ApoGwir2aaJQxXEWZo9hWmqcM1fu,,cle1,,,,prj_P2Frev1aB1rGdLxUfwpb3w9GuQGC,,,,,
2025-12-22 06:25:19,1766384719677,www.creamininja.com/api/auth/signin,GET,callbackUrl=%2Frecipes,302,qg2fl-1766384719677-c5171616e16f,"Mozilla/5.0 (Macintosh; Intel Mac OS X 10_15_7) AppleWebKit/537.36 (KHTML, like Gecko) Chrome/143.0.0.0 Safari/537.36",,production,codex/fix-404-errors-in-collapsible-sidebar-1ktyio,MISS,serverless,/api/auth/[...nextauth].rsc,www.creamininja.com,cream-8gby7ereq-luke-wades-projects.vercel.app,dpl_ApoGwir2aaJQxXEWZo9hWmqcM1fu,12,iad1,264,2048,,prj_P2Frev1aB1rGdLxUfwpb3w9GuQGC,,,01KD2BQNT8J2Y29FQHDJY561Z5,3AKIJ1YPVR5v,1
2025-12-22 06:25:19,1766384719667,www.creamininja.com/,GET,_rsc=1u2lf,307,42skj-1766384719667-06e0fb30e3f7,"Mozilla/5.0 (Macintosh; Intel Mac OS X 10_15_7) AppleWebKit/537.36 (KHTML, like Gecko) Chrome/143.0.0.0 Safari/537.36",,production,codex/fix-404-errors-in-collapsible-sidebar-1ktyio,,middleware,middleware,www.creamininja.com,cream-8gby7ereq-luke-wades-projects.vercel.app,dpl_ApoGwir2aaJQxXEWZo9hWmqcM1fu,10,iad1,102,2048,,prj_P2Frev1aB1rGdLxUfwpb3w9GuQGC,,,01KD2BQNT5AN8W6343SQX3P37K,qWYtnxI4vdZ2,1
2025-12-22 06:25:19,1766384719667,www.creamininja.com/,GET,_rsc=1u2lf,307,42skj-1766384719667-06e0fb30e3f7,"Mozilla/5.0 (Macintosh; Intel Mac OS X 10_15_7) AppleWebKit/537.36 (KHTML, like Gecko) Chrome/143.0.0.0 Safari/537.36",,production,codex/fix-404-errors-in-collapsible-sidebar-1ktyio,,redirect,/,www.creamininja.com,cream-8gby7ereq-luke-wades-projects.vercel.app,dpl_ApoGwir2aaJQxXEWZo9hWmqcM1fu,,cle1,,,,prj_P2Frev1aB1rGdLxUfwpb3w9GuQGC,,,,,
2025-12-22 06:25:19,1766384719648,www.creamininja.com/auth/signin,GET,callbackUrl=https%3A%2F%2Fwww.creamininja.com%2Fai-genius,304,42skj-1766384719648-53650d4a222a,"Mozilla/5.0 (Macintosh; Intel Mac OS X 10_15_7) AppleWebKit/537.36 (KHTML, like Gecko) Chrome/143.0.0.0 Safari/537.36",,production,codex/fix-404-errors-in-collapsible-sidebar-1ktyio,HIT,static,/auth/signin.segments/_tree.segment,www.creamininja.com,cream-8gby7ereq-luke-wades-projects.vercel.app,dpl_ApoGwir2aaJQxXEWZo9hWmqcM1fu,,cle1,,,,prj_P2Frev1aB1rGdLxUfwpb3w9GuQGC,,,,,
2025-12-22 06:25:19,1766384719641,www.creamininja.com/auth/signin,GET,callbackUrl=https%3A%2F%2Fwww.creamininja.com%2Fsaved,304,qg2fl-1766384719641-ab78ab55ca34,"Mozilla/5.0 (Macintosh; Intel Mac OS X 10_15_7) AppleWebKit/537.36 (KHTML, like Gecko) Chrome/143.0.0.0 Safari/537.36",,production,codex/fix-404-errors-in-collapsible-sidebar-1ktyio,HIT,static,/auth/signin.segments/_tree.segment,www.creamininja.com,cream-8gby7ereq-luke-wades-projects.vercel.app,dpl_ApoGwir2aaJQxXEWZo9hWmqcM1fu,7,cle1,,,,prj_P2Frev1aB1rGdLxUfwpb3w9GuQGC,,,,,
2025-12-22 06:25:19,1766384719627,www.creamininja.com/auth/signin,GET,callbackUrl=https%3A%2F%2Fwww.creamininja.com%2Fconnections,304,42skj-1766384719627-3892ecfb0037,"Mozilla/5.0 (Macintosh; Intel Mac OS X 10_15_7) AppleWebKit/537.36 (KHTML, like Gecko) Chrome/143.0.0.0 Safari/537.36",,production,codex/fix-404-errors-in-collapsible-sidebar-1ktyio,HIT,static,/auth/signin.segments/_tree.segment,www.creamininja.com,cream-8gby7ereq-luke-wades-projects.vercel.app,dpl_ApoGwir2aaJQxXEWZo9hWmqcM1fu,,cle1,,,,prj_P2Frev1aB1rGdLxUfwpb3w9GuQGC,,,,,
2025-12-22 06:25:19,1766384719600,www.creamininja.com/recipes,GET,_rsc=1u2lf,307,qg2fl-1766384719600-6b1a05bda315,"Mozilla/5.0 (Macintosh; Intel Mac OS X 10_15_7) AppleWebKit/537.36 (KHTML, like Gecko) Chrome/143.0.0.0 Safari/537.36",,production,codex/fix-404-errors-in-collapsible-sidebar-1ktyio,,middleware,middleware,www.creamininja.com,cream-8gby7ereq-luke-wades-projects.vercel.app,dpl_ApoGwir2aaJQxXEWZo9hWmqcM1fu,15,iad1,102,2048,,prj_P2Frev1aB1rGdLxUfwpb3w9GuQGC,,,01KD2BQNQVC1TQXSG59XHHE4XC,qWYtnxI4vdZ2,1
2025-12-22 06:25:19,1766384719600,www.creamininja.com/recipes,GET,_rsc=1u2lf,307,qg2fl-1766384719600-6b1a05bda315,"Mozilla/5.0 (Macintosh; Intel Mac OS X 10_15_7) AppleWebKit/537.36 (KHTML, like Gecko) Chrome/143.0.0.0 Safari/537.36",,production,codex/fix-404-errors-in-collapsible-sidebar-1ktyio,,redirect,/recipes,www.creamininja.com,cream-8gby7ereq-luke-wades-projects.vercel.app,dpl_ApoGwir2aaJQxXEWZo9hWmqcM1fu,40,cle1,,,,prj_P2Frev1aB1rGdLxUfwpb3w9GuQGC,,,,,
2025-12-22 06:25:19,1766384719557,www.creamininja.com/api/auth/signin,GET,callbackUrl=%2Fconnections,302,qg2fl-1766384719557-58174400ee88,"Mozilla/5.0 (Macintosh; Intel Mac OS X 10_15_7) AppleWebKit/537.36 (KHTML, like Gecko) Chrome/143.0.0.0 Safari/537.36",,production,codex/fix-404-errors-in-collapsible-sidebar-1ktyio,MISS,serverless,/api/auth/[...nextauth].rsc,www.creamininja.com,cream-8gby7ereq-luke-wades-projects.vercel.app,dpl_ApoGwir2aaJQxXEWZo9hWmqcM1fu,11,iad1,279,2048,,prj_P2Frev1aB1rGdLxUfwpb3w9GuQGC,,,01KD2BQNPEA8AB00RGXXQP5YCC,cPmclu3pHH73,1
2025-12-22 06:25:19,1766384719557,www.creamininja.com/auth/signin,GET,callbackUrl=https%3A%2F%2Fwww.creamininja.com%2Fauth%2Fforgot-password,200,7ttgr-1766384719557-e11cc33780dd,"Mozilla/5.0 (Macintosh; Intel Mac OS X 10_15_7) AppleWebKit/537.36 (KHTML, like Gecko) Chrome/143.0.0.0 Safari/537.36",,production,codex/fix-404-errors-in-collapsible-sidebar-1ktyio,HIT,static,/auth/signin.segments/_tree.segment,www.creamininja.com,cream-8gby7ereq-luke-wades-projects.vercel.app,dpl_ApoGwir2aaJQxXEWZo9hWmqcM1fu,,cle1,,,,prj_P2Frev1aB1rGdLxUfwpb3w9GuQGC,,,,,
2025-12-22 06:25:19,1766384719469,www.creamininja.com/connections,GET,_rsc=1u2lf,307,7ttgr-1766384719469-2e5ad54e9688,"Mozilla/5.0 (Macintosh; Intel Mac OS X 10_15_7) AppleWebKit/537.36 (KHTML, like Gecko) Chrome/143.0.0.0 Safari/537.36",,production,codex/fix-404-errors-in-collapsible-sidebar-1ktyio,,middleware,middleware,www.creamininja.com,cream-8gby7ereq-luke-wades-projects.vercel.app,dpl_ApoGwir2aaJQxXEWZo9hWmqcM1fu,13,iad1,102,2048,,prj_P2Frev1aB1rGdLxUfwpb3w9GuQGC,,,01KD2BQNKRCZ0H4W9K0CJNRDRE,qWYtnxI4vdZ2,1
2025-12-22 06:25:19,1766384719469,www.creamininja.com/connections,GET,_rsc=1u2lf,307,7ttgr-1766384719469-2e5ad54e9688,"Mozilla/5.0 (Macintosh; Intel Mac OS X 10_15_7) AppleWebKit/537.36 (KHTML, like Gecko) Chrome/143.0.0.0 Safari/537.36",,production,codex/fix-404-errors-in-collapsible-sidebar-1ktyio,,redirect,/connections,www.creamininja.com,cream-8gby7ereq-luke-wades-projects.vercel.app,dpl_ApoGwir2aaJQxXEWZo9hWmqcM1fu,,cle1,,,,prj_P2Frev1aB1rGdLxUfwpb3w9GuQGC,,,,,
2025-12-22 06:25:19,1766384719462,www.creamininja.com/api/auth/signin,GET,callbackUrl=%2Fauth%2Fforgot-password,302,qg2fl-1766384719462-5cd10bc6f757,"Mozilla/5.0 (Macintosh; Intel Mac OS X 10_15_7) AppleWebKit/537.36 (KHTML, like Gecko) Chrome/143.0.0.0 Safari/537.36",,production,codex/fix-404-errors-in-collapsible-sidebar-1ktyio,MISS,serverless,/api/auth/[...nextauth].rsc,www.creamininja.com,cream-8gby7ereq-luke-wades-projects.vercel.app,dpl_ApoGwir2aaJQxXEWZo9hWmqcM1fu,9,iad1,279,2048,,prj_P2Frev1aB1rGdLxUfwpb3w9GuQGC,,,01KD2BQNKMZZMGSV32J0BQRD0W,cPmclu3pHH73,1
2025-12-22 06:25:19,1766384719427,www.creamininja.com/api/auth/signin,GET,callbackUrl=%2Fsaved,302,dj8rt-1766384719427-88998b7636d8,"Mozilla/5.0 (Macintosh; Intel Mac OS X 10_15_7) AppleWebKit/537.36 (KHTML, like Gecko) Chrome/143.0.0.0 Safari/537.36",,production,codex/fix-404-errors-in-collapsible-sidebar-1ktyio,MISS,serverless,/api/auth/[...nextauth].rsc,www.creamininja.com,cream-8gby7ereq-luke-wades-projects.vercel.app,dpl_ApoGwir2aaJQxXEWZo9hWmqcM1fu,491,iad1,265,2048,,prj_P2Frev1aB1rGdLxUfwpb3w9GuQGC,,,01KD2BQNJEAPXW8SYGK53NVP87,Eoaxbl7TAoIg,1
2025-12-22 06:25:19,1766384719421,www.creamininja.com/api/auth/signin,GET,callbackUrl=%2Fai-genius,302,42skj-1766384719421-06d4f8d80275,"Mozilla/5.0 (Macintosh; Intel Mac OS X 10_15_7) AppleWebKit/537.36 (KHTML, like Gecko) Chrome/143.0.0.0 Safari/537.36",,production,codex/fix-404-errors-in-collapsible-sidebar-1ktyio,MISS,serverless,/api/auth/[...nextauth].rsc,www.creamininja.com,cream-8gby7ereq-luke-wades-projects.vercel.app,dpl_ApoGwir2aaJQxXEWZo9hWmqcM1fu,517,iad1,263,2048,,prj_P2Frev1aB1rGdLxUfwpb3w9GuQGC,,,01KD2BQNJ82N63TH5X1YG6BMSP,3AKIJ1YPVR5v,1
2025-12-22 06:25:19,1766384719418,www.creamininja.com/api/auth/session,GET,nxtPnextauth=session,200,6w8rm-1766384719418-13cbf9bf3462,"Mozilla/5.0 (Macintosh; Intel Mac OS X 10_15_7) AppleWebKit/537.36 (KHTML, like Gecko) Chrome/143.0.0.0 Safari/537.36",,production,codex/fix-404-errors-in-collapsible-sidebar-1ktyio,MISS,serverless,/api/auth/[...nextauth],www.creamininja.com,cream-8gby7ereq-luke-wades-projects.vercel.app,dpl_ApoGwir2aaJQxXEWZo9hWmqcM1fu,9,iad1,278,2048,,prj_P2Frev1aB1rGdLxUfwpb3w9GuQGC,,,01KD2BQNJ6WDWAADJW4P1VJ5P3,cPmclu3pHH73,1
2025-12-22 06:25:19,1766384719372,www.creamininja.com/auth/forgot-password,GET,_rsc=1u2lf,307,dj8rt-1766384719372-3974ee4ade80,"Mozilla/5.0 (Macintosh; Intel Mac OS X 10_15_7) AppleWebKit/537.36 (KHTML, like Gecko) Chrome/143.0.0.0 Safari/537.36",,production,codex/fix-404-errors-in-collapsible-sidebar-1ktyio,,middleware,middleware,www.creamininja.com,cream-8gby7ereq-luke-wades-projects.vercel.app,dpl_ApoGwir2aaJQxXEWZo9hWmqcM1fu,12,iad1,102,2048,,prj_P2Frev1aB1rGdLxUfwpb3w9GuQGC,,,01KD2BQNGSEENYT63ZCH1S83N4,qWYtnxI4vdZ2,1
2025-12-22 06:25:19,1766384719372,www.creamininja.com/auth/forgot-password,GET,_rsc=1u2lf,307,dj8rt-1766384719372-3974ee4ade80,"Mozilla/5.0 (Macintosh; Intel Mac OS X 10_15_7) AppleWebKit/537.36 (KHTML, like Gecko) Chrome/143.0.0.0 Safari/537.36",,production,codex/fix-404-errors-in-collapsible-sidebar-1ktyio,,redirect,/auth/forgot-password,www.creamininja.com,cream-8gby7ereq-luke-wades-projects.vercel.app,dpl_ApoGwir2aaJQxXEWZo9hWmqcM1fu,,cle1,,,,prj_P2Frev1aB1rGdLxUfwpb3w9GuQGC,,,,,
2025-12-22 06:25:19,1766384719342,www.creamininja.com/ai-genius,GET,_rsc=1u2lf,307,qg2fl-1766384719342-7bc546458efa,"Mozilla/5.0 (Macintosh; Intel Mac OS X 10_15_7) AppleWebKit/537.36 (KHTML, like Gecko) Chrome/143.0.0.0 Safari/537.36",,production,codex/fix-404-errors-in-collapsible-sidebar-1ktyio,,middleware,middleware,www.creamininja.com,cream-8gby7ereq-luke-wades-projects.vercel.app,dpl_ApoGwir2aaJQxXEWZo9hWmqcM1fu,14,iad1,104,2048,,prj_P2Frev1aB1rGdLxUfwpb3w9GuQGC,,,01KD2BQNFVXVG0WCXVY3NMDRC5,aORciYJlC8tg,1
2025-12-22 06:25:19,1766384719342,www.creamininja.com/ai-genius,GET,_rsc=1u2lf,307,qg2fl-1766384719342-7bc546458efa,"Mozilla/5.0 (Macintosh; Intel Mac OS X 10_15_7) AppleWebKit/537.36 (KHTML, like Gecko) Chrome/143.0.0.0 Safari/537.36",,production,codex/fix-404-errors-in-collapsible-sidebar-1ktyio,,redirect,/ai-genius,www.creamininja.com,cream-8gby7ereq-luke-wades-projects.vercel.app,dpl_ApoGwir2aaJQxXEWZo9hWmqcM1fu,44,cle1,,,,prj_P2Frev1aB1rGdLxUfwpb3w9GuQGC,,,,,
2025-12-22 06:25:19,1766384719342,www.creamininja.com/auth/signup,GET,_rsc=1u2lf,200,7ttgr-1766384719342-f75d87c0617b,"Mozilla/5.0 (Macintosh; Intel Mac OS X 10_15_7) AppleWebKit/537.36 (KHTML, like Gecko) Chrome/143.0.0.0 Safari/537.36",,production,codex/fix-404-errors-in-collapsible-sidebar-1ktyio,PRERENDER,static,/auth/signup.segments/_tree.segment,www.creamininja.com,cream-8gby7ereq-luke-wades-projects.vercel.app,dpl_ApoGwir2aaJQxXEWZo9hWmqcM1fu,90,cle1,,,,prj_P2Frev1aB1rGdLxUfwpb3w9GuQGC,,,,,
2025-12-22 06:25:19,1766384719342,www.creamininja.com/api/auth/session,GET,nxtPnextauth=session,200,79gss-1766384719342-3dfbbd5ee6de,"Mozilla/5.0 (Macintosh; Intel Mac OS X 10_15_7) AppleWebKit/537.36 (KHTML, like Gecko) Chrome/143.0.0.0 Safari/537.36",,production,codex/fix-404-errors-in-collapsible-sidebar-1ktyio,MISS,serverless,/api/auth/[...nextauth],www.creamininja.com,cream-8gby7ereq-luke-wades-projects.vercel.app,dpl_ApoGwir2aaJQxXEWZo9hWmqcM1fu,10,iad1,278,2048,,prj_P2Frev1aB1rGdLxUfwpb3w9GuQGC,,,01KD2BQNFTP3HXEQ82PR7KWSX5,cPmclu3pHH73,1
2025-12-22 06:25:19,1766384719342,www.creamininja.com/saved,GET,_rsc=1u2lf,307,42skj-1766384719342-8820523ff8e4,"Mozilla/5.0 (Macintosh; Intel Mac OS X 10_15_7) AppleWebKit/537.36 (KHTML, like Gecko) Chrome/143.0.0.0 Safari/537.36",,production,codex/fix-404-errors-in-collapsible-sidebar-1ktyio,,middleware,middleware,www.creamininja.com,cream-8gby7ereq-luke-wades-projects.vercel.app,dpl_ApoGwir2aaJQxXEWZo9hWmqcM1fu,13,iad1,102,2048,,prj_P2Frev1aB1rGdLxUfwpb3w9GuQGC,,,01KD2BQNFVXVG0WCXVY5K3CQXR,qWYtnxI4vdZ2,1
2025-12-22 06:25:19,1766384719342,www.creamininja.com/saved,GET,_rsc=1u2lf,307,42skj-1766384719342-8820523ff8e4,"Mozilla/5.0 (Macintosh; Intel Mac OS X 10_15_7) AppleWebKit/537.36 (KHTML, like Gecko) Chrome/143.0.0.0 Safari/537.36",,production,codex/fix-404-errors-in-collapsible-sidebar-1ktyio,,redirect,/saved,www.creamininja.com,cream-8gby7ereq-luke-wades-projects.vercel.app,dpl_ApoGwir2aaJQxXEWZo9hWmqcM1fu,,cle1,,,,prj_P2Frev1aB1rGdLxUfwpb3w9GuQGC,,,,,
2025-12-22 06:25:19,1766384719138,www.creamininja.com/auth/signin,GET,callbackUrl=https%3A%2F%2Fwww.creamininja.com%2F&error=OAuthSignin,200,79gss-1766384719138-8c114175c611,"Mozilla/5.0 (Macintosh; Intel Mac OS X 10_15_7) AppleWebKit/537.36 (KHTML, like Gecko) Chrome/143.0.0.0 Safari/537.36",,production,codex/fix-404-errors-in-collapsible-sidebar-1ktyio,PRERENDER,static,/auth/signin,www.creamininja.com,cream-8gby7ereq-luke-wades-projects.vercel.app,dpl_ApoGwir2aaJQxXEWZo9hWmqcM1fu,106,cle1,,,,prj_P2Frev1aB1rGdLxUfwpb3w9GuQGC,,,,,
2025-12-22 06:25:19,1766384719061,www.creamininja.com/api/auth/signin,GET,error=OAuthSignin,302,qg2fl-1766384719061-6664ea2cce2b,"Mozilla/5.0 (Macintosh; Intel Mac OS X 10_15_7) AppleWebKit/537.36 (KHTML, like Gecko) Chrome/143.0.0.0 Safari/537.36",,production,codex/fix-404-errors-in-collapsible-sidebar-1ktyio,MISS,serverless,/api/auth/[...nextauth],www.creamininja.com,cream-8gby7ereq-luke-wades-projects.vercel.app,dpl_ApoGwir2aaJQxXEWZo9hWmqcM1fu,11,iad1,278,2048,,prj_P2Frev1aB1rGdLxUfwpb3w9GuQGC,,,01KD2BQN6ZJNK4DZKCPWCG5WTK,cPmclu3pHH73,1
2025-12-22 06:25:18,1766384718989,www.creamininja.com/api/auth/error,GET,error=OAuthSignin,302,qg2fl-1766384718989-de1477c4f913,"Mozilla/5.0 (Macintosh; Intel Mac OS X 10_15_7) AppleWebKit/537.36 (KHTML, like Gecko) Chrome/143.0.0.0 Safari/537.36",,production,codex/fix-404-errors-in-collapsible-sidebar-1ktyio,MISS,serverless,/api/auth/[...nextauth],www.creamininja.com,cream-8gby7ereq-luke-wades-projects.vercel.app,dpl_ApoGwir2aaJQxXEWZo9hWmqcM1fu,12,iad1,277,2048,,prj_P2Frev1aB1rGdLxUfwpb3w9GuQGC,,,01KD2BQN4RHGRA49V8K7XZQDJV,cPmclu3pHH73,1
2025-12-22 06:25:18,1766384718907,www.creamininja.com/api/auth/signin/google,POST,nxtPnextauth=signin%2Fgoogle,200,7ttgr-1766384718851-6930518e1883,"Mozilla/5.0 (Macintosh; Intel Mac OS X 10_15_7) AppleWebKit/537.36 (KHTML, like Gecko) Chrome/143.0.0.0 Safari/537.36",error,production,codex/fix-404-errors-in-collapsible-sidebar-1ktyio,MISS,serverless,/api/auth/[...nextauth],www.creamininja.com,cream-8gby7ereq-luke-wades-projects.vercel.app,dpl_ApoGwir2aaJQxXEWZo9hWmqcM1fu,,,,,(node:4) [DEP0169] DeprecationWarning: `url.parse()` behavior is not standardized and prone to errors that have security implications. Use the WHATWG URL API instead. CVEs are not issued for `url.parse()` vulnerabilities.,prj_P2Frev1aB1rGdLxUfwpb3w9GuQGC,,,,,
2025-12-22 06:25:18,1766384718929,www.creamininja.com/api/auth/signin/google,POST,nxtPnextauth=signin%2Fgoogle,200,7ttgr-1766384718851-6930518e1883,"Mozilla/5.0 (Macintosh; Intel Mac OS X 10_15_7) AppleWebKit/537.36 (KHTML, like Gecko) Chrome/143.0.0.0 Safari/537.36",error,production,codex/fix-404-errors-in-collapsible-sidebar-1ktyio,MISS,serverless,/api/auth/[...nextauth],www.creamininja.com,cream-8gby7ereq-luke-wades-projects.vercel.app,dpl_ApoGwir2aaJQxXEWZo9hWmqcM1fu,,,,,"[next-auth][error][SIGNIN_OAUTH_ERROR] 
https://next-auth.js.org/errors#signin_oauth_error client_id is required {
  error: {
    message: 'client_id is required',
    stack: 'TypeError: client_id is required\n' +
      '    at new Y (/var/task/.next/server/chunks/[root-of-the-server]__d68d2615._.js:1:145527)\n' +
      '    at new <anonymous> (/var/task/.next/server/chunks/[root-of-the-server]__d68d2615._.js:10:22221)\n' +
      '    at o (/var/task/.next/server/chunks/[root-of-the-server]__d68d2615._.js:10:30116)\n' +
      '    at process.processTicksAndRejections (node:internal/process/task_queues:105:5)\n' +
      '    at async s (/var/task/.next/server/chunks/[root-of-the-server]__d68d2615._.js:10:70473)\n' +
      '    at async Object.s (/var/task/.next/server/chunks/[root-of-the-server]__d68d2615._.js:10:71837)\n' +
      '    at async _ (/var/task/.next/server/chunks/[root-of-the-server]__d68d2615._.js:34:20500)\n' +
      '    at async a (/var/task/.next/server/chunks/[root-of-the-server]__d68d2615._.js:34:41809)\n' +
      '    at async e.length.t (/var/task/.next/server/chunks/[root-of-the-server]__d68d2615._.js:34:43252)\n' +
      '    at async rM.do (/var/task/node_modules/next/dist/compiled/next-server/app-route-turbo.runtime.prod.js:5:20152)',
    name: 'TypeError'
  },
  providerId: 'google',
  message: 'client_id is required'
}",prj_P2Frev1aB1rGdLxUfwpb3w9GuQGC,,,,,
2025-12-22 06:25:18,1766384718851,www.creamininja.com/api/auth/signin/google,POST,nxtPnextauth=signin%2Fgoogle,200,7ttgr-1766384718851-6930518e1883,"Mozilla/5.0 (Macintosh; Intel Mac OS X 10_15_7) AppleWebKit/537.36 (KHTML, like Gecko) Chrome/143.0.0.0 Safari/537.36",,production,codex/fix-404-errors-in-collapsible-sidebar-1ktyio,MISS,serverless,/api/auth/[...nextauth],www.creamininja.com,cream-8gby7ereq-luke-wades-projects.vercel.app,dpl_ApoGwir2aaJQxXEWZo9hWmqcM1fu,59,iad1,276,2048,,prj_P2Frev1aB1rGdLxUfwpb3w9GuQGC,,,01KD2BQN0G8CC039W2P996Z401,cPmclu3pHH73,1
2025-12-22 06:25:18,1766384718769,www.creamininja.com/api/auth/csrf,GET,nxtPnextauth=csrf,200,qg2fl-1766384718769-643a1c1b8bf5,"Mozilla/5.0 (Macintosh; Intel Mac OS X 10_15_7) AppleWebKit/537.36 (KHTML, like Gecko) Chrome/143.0.0.0 Safari/537.36",,production,codex/fix-404-errors-in-collapsible-sidebar-1ktyio,MISS,serverless,/api/auth/[...nextauth],www.creamininja.com,cream-8gby7ereq-luke-wades-projects.vercel.app,dpl_ApoGwir2aaJQxXEWZo9hWmqcM1fu,10,iad1,274,2048,,prj_P2Frev1aB1rGdLxUfwpb3w9GuQGC,,,01KD2BQMXYDDRJ8QQMR3QZCX1G,cPmclu3pHH73,1
2025-12-22 06:25:18,1766384718687,www.creamininja.com/api/auth/providers,GET,nxtPnextauth=providers,200,7ttgr-1766384718687-4dd640f69eee,"Mozilla/5.0 (Macintosh; Intel Mac OS X 10_15_7) AppleWebKit/537.36 (KHTML, like Gecko) Chrome/143.0.0.0 Safari/537.36",,production,codex/fix-404-errors-in-collapsible-sidebar-1ktyio,MISS,serverless,/api/auth/[...nextauth],www.creamininja.com,cream-8gby7ereq-luke-wades-projects.vercel.app,dpl_ApoGwir2aaJQxXEWZo9hWmqcM1fu,10,iad1,273,2048,,prj_P2Frev1aB1rGdLxUfwpb3w9GuQGC,,,01KD2BQMVD9GJ859WSZNH6NDMH,cPmclu3pHH73,1
2025-12-22 06:25:17,1766384717691,www.creamininja.com/auth/signin,GET,callbackUrl=https%3A%2F%2Fwww.creamininja.com%2Frecipes,200,42skj-1766384717691-0261f71269ca,"Mozilla/5.0 (Macintosh; Intel Mac OS X 10_15_7) AppleWebKit/537.36 (KHTML, like Gecko) Chrome/143.0.0.0 Safari/537.36",,production,codex/fix-404-errors-in-collapsible-sidebar-1ktyio,HIT,static,/auth/signin.segments/_tree.segment,www.creamininja.com,cream-8gby7ereq-luke-wades-projects.vercel.app,dpl_ApoGwir2aaJQxXEWZo9hWmqcM1fu,,cle1,,,,prj_P2Frev1aB1rGdLxUfwpb3w9GuQGC,,,,,
2025-12-22 06:25:17,1766384717610,www.creamininja.com/api/auth/signin,GET,callbackUrl=%2Frecipes,302,42skj-1766384717610-4e0ff9d6ca54,"Mozilla/5.0 (Macintosh; Intel Mac OS X 10_15_7) AppleWebKit/537.36 (KHTML, like Gecko) Chrome/143.0.0.0 Safari/537.36",,production,codex/fix-404-errors-in-collapsible-sidebar-1ktyio,MISS,serverless,/api/auth/[...nextauth].rsc,www.creamininja.com,cream-8gby7ereq-luke-wades-projects.vercel.app,dpl_ApoGwir2aaJQxXEWZo9hWmqcM1fu,12,iad1,273,2048,,prj_P2Frev1aB1rGdLxUfwpb3w9GuQGC,,,01KD2BQKSNK4SJY44XGCP6TMBW,cPmclu3pHH73,1
2025-12-22 06:25:17,1766384717336,www.creamininja.com/auth/signin,GET,_rsc=xvukq,200,79gss-1766384717336-b4fd8398effb,"Mozilla/5.0 (Macintosh; Intel Mac OS X 10_15_7) AppleWebKit/537.36 (KHTML, like Gecko) Chrome/143.0.0.0 Safari/537.36",,production,codex/fix-404-errors-in-collapsible-sidebar-1ktyio,PRERENDER,static,/auth/signin.segments/auth/signin.segment,www.creamininja.com,cream-8gby7ereq-luke-wades-projects.vercel.app,dpl_ApoGwir2aaJQxXEWZo9hWmqcM1fu,384,cle1,,,,prj_P2Frev1aB1rGdLxUfwpb3w9GuQGC,,,,,
2025-12-22 06:25:17,1766384717319,www.creamininja.com/auth/signin,GET,_rsc=7ouuk,200,7ttgr-1766384717319-05dd9cfeaa08,"Mozilla/5.0 (Macintosh; Intel Mac OS X 10_15_7) AppleWebKit/537.36 (KHTML, like Gecko) Chrome/143.0.0.0 Safari/537.36",,production,codex/fix-404-errors-in-collapsible-sidebar-1ktyio,PRERENDER,static,/auth/signin.segments/auth/signin/__PAGE__.segment,www.creamininja.com,cream-8gby7ereq-luke-wades-projects.vercel.app,dpl_ApoGwir2aaJQxXEWZo9hWmqcM1fu,106,cle1,,,,prj_P2Frev1aB1rGdLxUfwpb3w9GuQGC,,,,,
2025-12-22 06:25:17,1766384717278,www.creamininja.com/auth/signin,GET,callbackUrl=https%3A%2F%2Fwww.creamininja.com%2F,304,qg2fl-1766384717278-25fad62e2b19,"Mozilla/5.0 (Macintosh; Intel Mac OS X 10_15_7) AppleWebKit/537.36 (KHTML, like Gecko) Chrome/143.0.0.0 Safari/537.36",,production,codex/fix-404-errors-in-collapsible-sidebar-1ktyio,HIT,static,/auth/signin.segments/_tree.segment,www.creamininja.com,cream-8gby7ereq-luke-wades-projects.vercel.app,dpl_ApoGwir2aaJQxXEWZo9hWmqcM1fu,,cle1,,,,prj_P2Frev1aB1rGdLxUfwpb3w9GuQGC,,,,,
2025-12-22 06:25:17,1766384717275,www.creamininja.com/auth/signin,GET,_rsc=aiv4t,200,dj8rt-1766384717275-9d9ff95ba328,"Mozilla/5.0 (Macintosh; Intel Mac OS X 10_15_7) AppleWebKit/537.36 (KHTML, like Gecko) Chrome/143.0.0.0 Safari/537.36",,production,codex/fix-404-errors-in-collapsible-sidebar-1ktyio,PRERENDER,static,/auth/signin.segments/auth.segment,www.creamininja.com,cream-8gby7ereq-luke-wades-projects.vercel.app,dpl_ApoGwir2aaJQxXEWZo9hWmqcM1fu,,cle1,,,,prj_P2Frev1aB1rGdLxUfwpb3w9GuQGC,,,,,
2025-12-22 06:25:17,1766384717244,www.creamininja.com/auth/signin,GET,callbackUrl=https%3A%2F%2Fwww.creamininja.com%2Fconnections,200,dj8rt-1766384717244-1c5d058d76bb,"Mozilla/5.0 (Macintosh; Intel Mac OS X 10_15_7) AppleWebKit/537.36 (KHTML, like Gecko) Chrome/143.0.0.0 Safari/537.36",,production,codex/fix-404-errors-in-collapsible-sidebar-1ktyio,HIT,static,/auth/signin.segments/_tree.segment,www.creamininja.com,cream-8gby7ereq-luke-wades-projects.vercel.app,dpl_ApoGwir2aaJQxXEWZo9hWmqcM1fu,,cle1,,,,prj_P2Frev1aB1rGdLxUfwpb3w9GuQGC,,,,,
2025-12-22 06:25:17,1766384717204,www.creamininja.com/api/auth/signin,GET,callbackUrl=%2F,302,dj8rt-1766384717204-6d4a932d4596,"Mozilla/5.0 (Macintosh; Intel Mac OS X 10_15_7) AppleWebKit/537.36 (KHTML, like Gecko) Chrome/143.0.0.0 Safari/537.36",,production,codex/fix-404-errors-in-collapsible-sidebar-1ktyio,MISS,serverless,/api/auth/[...nextauth].rsc,www.creamininja.com,cream-8gby7ereq-luke-wades-projects.vercel.app,dpl_ApoGwir2aaJQxXEWZo9hWmqcM1fu,11,iad1,272,2048,,prj_P2Frev1aB1rGdLxUfwpb3w9GuQGC,,,01KD2BQKCYDR5AQAQK8PHQW39G,cPmclu3pHH73,1
2025-12-22 06:25:17,1766384717164,www.creamininja.com/api/auth/signin,GET,callbackUrl=%2Fconnections,302,7ttgr-1766384717164-1500527b6d5c,"Mozilla/5.0 (Macintosh; Intel Mac OS X 10_15_7) AppleWebKit/537.36 (KHTML, like Gecko) Chrome/143.0.0.0 Safari/537.36",,production,codex/fix-404-errors-in-collapsible-sidebar-1ktyio,MISS,serverless,/api/auth/[...nextauth].rsc,www.creamininja.com,cream-8gby7ereq-luke-wades-projects.vercel.app,dpl_ApoGwir2aaJQxXEWZo9hWmqcM1fu,10,iad1,272,2048,,prj_P2Frev1aB1rGdLxUfwpb3w9GuQGC,,,01KD2BQKBR77JD5T9BJA12MWPM,cPmclu3pHH73,1
2025-12-22 06:25:17,1766384717145,www.creamininja.com/auth/signin,GET,_rsc=3595i,200,qg2fl-1766384717145-1de00b660841,"Mozilla/5.0 (Macintosh; Intel Mac OS X 10_15_7) AppleWebKit/537.36 (KHTML, like Gecko) Chrome/143.0.0.0 Safari/537.36",,production,codex/fix-404-errors-in-collapsible-sidebar-1ktyio,PRERENDER,static,/auth/signin.segments/_index.segment,www.creamininja.com,cream-8gby7ereq-luke-wades-projects.vercel.app,dpl_ApoGwir2aaJQxXEWZo9hWmqcM1fu,91,cle1,,,,prj_P2Frev1aB1rGdLxUfwpb3w9GuQGC,,,,,
2025-12-22 06:25:17,1766384717145,www.creamininja.com/auth/signin,GET,_rsc=eqy3j,200,l2nj9-1766384717145-d5a4026ed10e,"Mozilla/5.0 (Macintosh; Intel Mac OS X 10_15_7) AppleWebKit/537.36 (KHTML, like Gecko) Chrome/143.0.0.0 Safari/537.36",,production,codex/fix-404-errors-in-collapsible-sidebar-1ktyio,PRERENDER,static,/auth/signin.segments/_head.segment,www.creamininja.com,cream-8gby7ereq-luke-wades-projects.vercel.app,dpl_ApoGwir2aaJQxXEWZo9hWmqcM1fu,,cle1,,,,prj_P2Frev1aB1rGdLxUfwpb3w9GuQGC,,,,,
2025-12-22 06:25:17,1766384717127,www.creamininja.com/,GET,_rsc=1u2lf,307,dj8rt-1766384717127-dd0c76fa0532,"Mozilla/5.0 (Macintosh; Intel Mac OS X 10_15_7) AppleWebKit/537.36 (KHTML, like Gecko) Chrome/143.0.0.0 Safari/537.36",,production,codex/fix-404-errors-in-collapsible-sidebar-1ktyio,,middleware,middleware,www.creamininja.com,cream-8gby7ereq-luke-wades-projects.vercel.app,dpl_ApoGwir2aaJQxXEWZo9hWmqcM1fu,11,iad1,102,2048,,prj_P2Frev1aB1rGdLxUfwpb3w9GuQGC,,,01KD2BQKAKG624WNP5KGY99PKR,qWYtnxI4vdZ2,1
2025-12-22 06:25:17,1766384717127,www.creamininja.com/,GET,_rsc=1u2lf,307,dj8rt-1766384717127-dd0c76fa0532,"Mozilla/5.0 (Macintosh; Intel Mac OS X 10_15_7) AppleWebKit/537.36 (KHTML, like Gecko) Chrome/143.0.0.0 Safari/537.36",,production,codex/fix-404-errors-in-collapsible-sidebar-1ktyio,,redirect,/,www.creamininja.com,cream-8gby7ereq-luke-wades-projects.vercel.app,dpl_ApoGwir2aaJQxXEWZo9hWmqcM1fu,,cle1,,,,prj_P2Frev1aB1rGdLxUfwpb3w9GuQGC,,,,,
2025-12-22 06:25:17,1766384717101,www.creamininja.com/auth/signin,GET,callbackUrl=https%3A%2F%2Fwww.creamininja.com%2Fsaved,200,dj8rt-1766384717101-b506fec054ae,"Mozilla/5.0 (Macintosh; Intel Mac OS X 10_15_7) AppleWebKit/537.36 (KHTML, like Gecko) Chrome/143.0.0.0 Safari/537.36",,production,codex/fix-404-errors-in-collapsible-sidebar-1ktyio,HIT,static,/auth/signin.segments/_tree.segment,www.creamininja.com,cream-8gby7ereq-luke-wades-projects.vercel.app,dpl_ApoGwir2aaJQxXEWZo9hWmqcM1fu,,cle1,,,,prj_P2Frev1aB1rGdLxUfwpb3w9GuQGC,,,,,
2025-12-22 06:25:17,1766384717095,www.creamininja.com/recipes,GET,_rsc=1u2lf,307,42skj-1766384717095-6ddd3c567321,"Mozilla/5.0 (Macintosh; Intel Mac OS X 10_15_7) AppleWebKit/537.36 (KHTML, like Gecko) Chrome/143.0.0.0 Safari/537.36",,production,codex/fix-404-errors-in-collapsible-sidebar-1ktyio,,middleware,middleware,www.creamininja.com,cream-8gby7ereq-luke-wades-projects.vercel.app,dpl_ApoGwir2aaJQxXEWZo9hWmqcM1fu,509,iad1,104,2048,,prj_P2Frev1aB1rGdLxUfwpb3w9GuQGC,,,01KD2BQK9HFPZ7Q4AEYXKASC5W,aORciYJlC8tg,1
2025-12-22 06:25:17,1766384717095,www.creamininja.com/recipes,GET,_rsc=1u2lf,307,42skj-1766384717095-6ddd3c567321,"Mozilla/5.0 (Macintosh; Intel Mac OS X 10_15_7) AppleWebKit/537.36 (KHTML, like Gecko) Chrome/143.0.0.0 Safari/537.36",,production,codex/fix-404-errors-in-collapsible-sidebar-1ktyio,,redirect,/recipes,www.creamininja.com,cream-8gby7ereq-luke-wades-projects.vercel.app,dpl_ApoGwir2aaJQxXEWZo9hWmqcM1fu,,cle1,,,,prj_P2Frev1aB1rGdLxUfwpb3w9GuQGC,,,,,
2025-12-22 06:25:17,1766384717083,www.creamininja.com/auth/signin,GET,callbackUrl=https%3A%2F%2Fwww.creamininja.com%2Fprivacy,200,42skj-1766384717083-73bbd053bacf,"Mozilla/5.0 (Macintosh; Intel Mac OS X 10_15_7) AppleWebKit/537.36 (KHTML, like Gecko) Chrome/143.0.0.0 Safari/537.36",,production,codex/fix-404-errors-in-collapsible-sidebar-1ktyio,HIT,static,/auth/signin.segments/_tree.segment,www.creamininja.com,cream-8gby7ereq-luke-wades-projects.vercel.app,dpl_ApoGwir2aaJQxXEWZo9hWmqcM1fu,,cle1,,,,prj_P2Frev1aB1rGdLxUfwpb3w9GuQGC,,,,,
2025-12-22 06:25:17,1766384717079,www.creamininja.com/connections,GET,_rsc=1u2lf,307,7ttgr-1766384717079-5eca87ad7cf3,"Mozilla/5.0 (Macintosh; Intel Mac OS X 10_15_7) AppleWebKit/537.36 (KHTML, like Gecko) Chrome/143.0.0.0 Safari/537.36",,production,codex/fix-404-errors-in-collapsible-sidebar-1ktyio,,middleware,middleware,www.creamininja.com,cream-8gby7ereq-luke-wades-projects.vercel.app,dpl_ApoGwir2aaJQxXEWZo9hWmqcM1fu,12,iad1,102,2048,,prj_P2Frev1aB1rGdLxUfwpb3w9GuQGC,,,01KD2BQK99QG8EC759CTJBFS3Y,qWYtnxI4vdZ2,1
2025-12-22 06:25:17,1766384717079,www.creamininja.com/connections,GET,_rsc=1u2lf,307,7ttgr-1766384717079-5eca87ad7cf3,"Mozilla/5.0 (Macintosh; Intel Mac OS X 10_15_7) AppleWebKit/537.36 (KHTML, like Gecko) Chrome/143.0.0.0 Safari/537.36",,production,codex/fix-404-errors-in-collapsible-sidebar-1ktyio,,redirect,/connections,www.creamininja.com,cream-8gby7ereq-luke-wades-projects.vercel.app,dpl_ApoGwir2aaJQxXEWZo9hWmqcM1fu,48,cle1,,,,prj_P2Frev1aB1rGdLxUfwpb3w9GuQGC,,,,,
2025-12-22 06:25:17,1766384717049,www.creamininja.com/auth/signin,GET,callbackUrl=https%3A%2F%2Fwww.creamininja.com%2Fterms,200,dj8rt-1766384717049-440d5bcb9c1a,"Mozilla/5.0 (Macintosh; Intel Mac OS X 10_15_7) AppleWebKit/537.36 (KHTML, like Gecko) Chrome/143.0.0.0 Safari/537.36",,production,codex/fix-404-errors-in-collapsible-sidebar-1ktyio,HIT,static,/auth/signin.segments/_tree.segment,www.creamininja.com,cream-8gby7ereq-luke-wades-projects.vercel.app,dpl_ApoGwir2aaJQxXEWZo9hWmqcM1fu,,cle1,,,,prj_P2Frev1aB1rGdLxUfwpb3w9GuQGC,,,,,
2025-12-22 06:25:17,1766384717033,www.creamininja.com/auth/signin,GET,callbackUrl=https%3A%2F%2Fwww.creamininja.com%2Fai-genius,200,qg2fl-1766384717033-7e11cfdeaf1c,"Mozilla/5.0 (Macintosh; Intel Mac OS X 10_15_7) AppleWebKit/537.36 (KHTML, like Gecko) Chrome/143.0.0.0 Safari/537.36",,production,codex/fix-404-errors-in-collapsible-sidebar-1ktyio,HIT,static,/auth/signin.segments/_tree.segment,www.creamininja.com,cream-8gby7ereq-luke-wades-projects.vercel.app,dpl_ApoGwir2aaJQxXEWZo9hWmqcM1fu,8,cle1,,,,prj_P2Frev1aB1rGdLxUfwpb3w9GuQGC,,,,,
2025-12-22 06:25:16,1766384716992,www.creamininja.com/api/auth/signin,GET,callbackUrl=%2Fsaved,302,7ttgr-1766384716992-285984655750,"Mozilla/5.0 (Macintosh; Intel Mac OS X 10_15_7) AppleWebKit/537.36 (KHTML, like Gecko) Chrome/143.0.0.0 Safari/537.36",,production,codex/fix-404-errors-in-collapsible-sidebar-1ktyio,MISS,serverless,/api/auth/[...nextauth].rsc,www.creamininja.com,cream-8gby7ereq-luke-wades-projects.vercel.app,dpl_ApoGwir2aaJQxXEWZo9hWmqcM1fu,12,iad1,272,2048,,prj_P2Frev1aB1rGdLxUfwpb3w9GuQGC,,,01KD2BQK6DR7RKYB1PMYTSR9Q4,cPmclu3pHH73,1
2025-12-22 06:25:16,1766384716973,www.creamininja.com/api/auth/session,GET,nxtPnextauth=session,200,l2nj9-1766384716973-e2c42893cfab,"Mozilla/5.0 (Macintosh; Intel Mac OS X 10_15_7) AppleWebKit/537.36 (KHTML, like Gecko) Chrome/143.0.0.0 Safari/537.36",,production,codex/fix-404-errors-in-collapsible-sidebar-1ktyio,MISS,serverless,/api/auth/[...nextauth],www.creamininja.com,cream-8gby7ereq-luke-wades-projects.vercel.app,dpl_ApoGwir2aaJQxXEWZo9hWmqcM1fu,12,iad1,271,2048,,prj_P2Frev1aB1rGdLxUfwpb3w9GuQGC,,,01KD2BQK5RVC4YSRWX1NSAJ0A5,cPmclu3pHH73,1
2025-12-22 06:25:16,1766384716973,www.creamininja.com/api/auth/signin,GET,callbackUrl=%2Fprivacy,302,dj8rt-1766384716973-557a7f63b85d,"Mozilla/5.0 (Macintosh; Intel Mac OS X 10_15_7) AppleWebKit/537.36 (KHTML, like Gecko) Chrome/143.0.0.0 Safari/537.36",,production,codex/fix-404-errors-in-collapsible-sidebar-1ktyio,MISS,serverless,/api/auth/[...nextauth].rsc,www.creamininja.com,cream-8gby7ereq-luke-wades-projects.vercel.app,dpl_ApoGwir2aaJQxXEWZo9hWmqcM1fu,12,iad1,272,2048,,prj_P2Frev1aB1rGdLxUfwpb3w9GuQGC,,,01KD2BQK5SFHJ5GCW316VQ9PWF,cPmclu3pHH73,1
2025-12-22 06:25:16,1766384716956,www.creamininja.com/api/auth/signin,GET,callbackUrl=%2Fai-genius,302,gzft9-1766384716956-f5d5eb9f07c7,"Mozilla/5.0 (Macintosh; Intel Mac OS X 10_15_7) AppleWebKit/537.36 (KHTML, like Gecko) Chrome/143.0.0.0 Safari/537.36",,production,codex/fix-404-errors-in-collapsible-sidebar-1ktyio,MISS,serverless,/api/auth/[...nextauth].rsc,www.creamininja.com,cream-8gby7ereq-luke-wades-projects.vercel.app,dpl_ApoGwir2aaJQxXEWZo9hWmqcM1fu,14,iad1,271,2048,,prj_P2Frev1aB1rGdLxUfwpb3w9GuQGC,,,01KD2BQK59YR33DYT7SRTD9HDD,cPmclu3pHH73,1
2025-12-22 06:25:16,1766384716937,www.creamininja.com/api/auth/signin,GET,callbackUrl=%2Fterms,302,9h6dr-1766384716937-300c13298c2e,"Mozilla/5.0 (Macintosh; Intel Mac OS X 10_15_7) AppleWebKit/537.36 (KHTML, like Gecko) Chrome/143.0.0.0 Safari/537.36",,production,codex/fix-404-errors-in-collapsible-sidebar-1ktyio,MISS,serverless,/api/auth/[...nextauth].rsc,www.creamininja.com,cream-8gby7ereq-luke-wades-projects.vercel.app,dpl_ApoGwir2aaJQxXEWZo9hWmqcM1fu,11,iad1,271,2048,,prj_P2Frev1aB1rGdLxUfwpb3w9GuQGC,,,01KD2BQK59YR33DYT7SV5TNCFT,cPmclu3pHH73,1
2025-12-22 06:25:16,1766384716921,www.creamininja.com/saved,GET,_rsc=1u2lf,307,gzft9-1766384716921-593fff048eb9,"Mozilla/5.0 (Macintosh; Intel Mac OS X 10_15_7) AppleWebKit/537.36 (KHTML, like Gecko) Chrome/143.0.0.0 Safari/537.36",,production,codex/fix-404-errors-in-collapsible-sidebar-1ktyio,,middleware,middleware,www.creamininja.com,cream-8gby7ereq-luke-wades-projects.vercel.app,dpl_ApoGwir2aaJQxXEWZo9hWmqcM1fu,10,iad1,102,2048,,prj_P2Frev1aB1rGdLxUfwpb3w9GuQGC,,,01KD2BQK44R45N8J38GGQXHECR,qWYtnxI4vdZ2,1
2025-12-22 06:25:16,1766384716921,www.creamininja.com/saved,GET,_rsc=1u2lf,307,gzft9-1766384716921-593fff048eb9,"Mozilla/5.0 (Macintosh; Intel Mac OS X 10_15_7) AppleWebKit/537.36 (KHTML, like Gecko) Chrome/143.0.0.0 Safari/537.36",,production,codex/fix-404-errors-in-collapsible-sidebar-1ktyio,,redirect,/saved,www.creamininja.com,cream-8gby7ereq-luke-wades-projects.vercel.app,dpl_ApoGwir2aaJQxXEWZo9hWmqcM1fu,,cle1,,,,prj_P2Frev1aB1rGdLxUfwpb3w9GuQGC,,,,,
2025-12-22 06:25:16,1766384716845,www.creamininja.com/ai-genius,GET,_rsc=1u2lf,307,gzft9-1766384716845-fc61d76cafe0,"Mozilla/5.0 (Macintosh; Intel Mac OS X 10_15_7) AppleWebKit/537.36 (KHTML, like Gecko) Chrome/143.0.0.0 Safari/537.36",,production,codex/fix-404-errors-in-collapsible-sidebar-1ktyio,,middleware,middleware,www.creamininja.com,cream-8gby7ereq-luke-wades-projects.vercel.app,dpl_ApoGwir2aaJQxXEWZo9hWmqcM1fu,12,iad1,102,2048,,prj_P2Frev1aB1rGdLxUfwpb3w9GuQGC,,,01KD2BQK2VR012Q2KYTCGCCJA9,qWYtnxI4vdZ2,1
2025-12-22 06:25:16,1766384716845,www.creamininja.com/ai-genius,GET,_rsc=1u2lf,307,gzft9-1766384716845-fc61d76cafe0,"Mozilla/5.0 (Macintosh; Intel Mac OS X 10_15_7) AppleWebKit/537.36 (KHTML, like Gecko) Chrome/143.0.0.0 Safari/537.36",,production,codex/fix-404-errors-in-collapsible-sidebar-1ktyio,,redirect,/ai-genius,www.creamininja.com,cream-8gby7ereq-luke-wades-projects.vercel.app,dpl_ApoGwir2aaJQxXEWZo9hWmqcM1fu,,cle1,,,,prj_P2Frev1aB1rGdLxUfwpb3w9GuQGC,,,,,
2025-12-22 06:25:16,1766384716840,www.creamininja.com/terms,GET,_rsc=1u2lf,307,l2nj9-1766384716840-0bd844d86fe5,"Mozilla/5.0 (Macintosh; Intel Mac OS X 10_15_7) AppleWebKit/537.36 (KHTML, like Gecko) Chrome/143.0.0.0 Safari/537.36",,production,codex/fix-404-errors-in-collapsible-sidebar-1ktyio,,middleware,middleware,www.creamininja.com,cream-8gby7ereq-luke-wades-projects.vercel.app,dpl_ApoGwir2aaJQxXEWZo9hWmqcM1fu,29,iad1,102,2048,,prj_P2Frev1aB1rGdLxUfwpb3w9GuQGC,,,01KD2BQK1MWPHT9YZ18CE6KKFW,qWYtnxI4vdZ2,1
2025-12-22 06:25:16,1766384716840,www.creamininja.com/terms,GET,_rsc=1u2lf,307,l2nj9-1766384716840-0bd844d86fe5,"Mozilla/5.0 (Macintosh; Intel Mac OS X 10_15_7) AppleWebKit/537.36 (KHTML, like Gecko) Chrome/143.0.0.0 Safari/537.36",,production,codex/fix-404-errors-in-collapsible-sidebar-1ktyio,,redirect,/terms,www.creamininja.com,cream-8gby7ereq-luke-wades-projects.vercel.app,dpl_ApoGwir2aaJQxXEWZo9hWmqcM1fu,,cle1,,,,prj_P2Frev1aB1rGdLxUfwpb3w9GuQGC,,,,,
2025-12-22 06:25:16,1766384716840,www.creamininja.com/privacy,GET,_rsc=1u2lf,307,9h6dr-1766384716840-71f3273b5284,"Mozilla/5.0 (Macintosh; Intel Mac OS X 10_15_7) AppleWebKit/537.36 (KHTML, like Gecko) Chrome/143.0.0.0 Safari/537.36",,production,codex/fix-404-errors-in-collapsible-sidebar-1ktyio,,middleware,middleware,www.creamininja.com,cream-8gby7ereq-luke-wades-projects.vercel.app,dpl_ApoGwir2aaJQxXEWZo9hWmqcM1fu,13,iad1,102,2048,,prj_P2Frev1aB1rGdLxUfwpb3w9GuQGC,,,01KD2BQK34YAFB1BM02AGNT61Q,qWYtnxI4vdZ2,1
2025-12-22 06:25:16,1766384716840,www.creamininja.com/privacy,GET,_rsc=1u2lf,307,9h6dr-1766384716840-71f3273b5284,"Mozilla/5.0 (Macintosh; Intel Mac OS X 10_15_7) AppleWebKit/537.36 (KHTML, like Gecko) Chrome/143.0.0.0 Safari/537.36",,production,codex/fix-404-errors-in-collapsible-sidebar-1ktyio,,redirect,/privacy,www.creamininja.com,cream-8gby7ereq-luke-wades-projects.vercel.app,dpl_ApoGwir2aaJQxXEWZo9hWmqcM1fu,95,cle1,,,,prj_P2Frev1aB1rGdLxUfwpb3w9GuQGC,,,,,
2025-12-22 06:25:16,1766384716839,www.creamininja.com/auth/signin,GET,_rsc=1u2lf,200,j27fq-1766384716839-8cc7511f6338,"Mozilla/5.0 (Macintosh; Intel Mac OS X 10_15_7) AppleWebKit/537.36 (KHTML, like Gecko) Chrome/143.0.0.0 Safari/537.36",,production,codex/fix-404-errors-in-collapsible-sidebar-1ktyio,HIT,static,/auth/signin.segments/_tree.segment,www.creamininja.com,cream-8gby7ereq-luke-wades-projects.vercel.app,dpl_ApoGwir2aaJQxXEWZo9hWmqcM1fu,46,cle1,,,,prj_P2Frev1aB1rGdLxUfwpb3w9GuQGC,,,,,
2025-12-22 06:25:16,1766384716839,www.creamininja.com/api/auth/session,GET,nxtPnextauth=session,200,dj8rt-1766384716839-ecb4c13e06e0,"Mozilla/5.0 (Macintosh; Intel Mac OS X 10_15_7) AppleWebKit/537.36 (KHTML, like Gecko) Chrome/143.0.0.0 Safari/537.36",,production,codex/fix-404-errors-in-collapsible-sidebar-1ktyio,MISS,serverless,/api/auth/[...nextauth],www.creamininja.com,cream-8gby7ereq-luke-wades-projects.vercel.app,dpl_ApoGwir2aaJQxXEWZo9hWmqcM1fu,44,iad1,270,2048,,prj_P2Frev1aB1rGdLxUfwpb3w9GuQGC,,,01KD2BQK30TTZVJXBSFK7TPF6B,cPmclu3pHH73,1
2025-12-22 06:25:16,1766384716531,www.creamininja.com/auth/signup,GET,,200,dj8rt-1766384716531-900528c4c9db,"Mozilla/5.0 (Macintosh; Intel Mac OS X 10_15_7) AppleWebKit/537.36 (KHTML, like Gecko) Chrome/143.0.0.0 Safari/537.36",,production,codex/fix-404-errors-in-collapsible-sidebar-1ktyio,PRERENDER,static,/auth/signup,www.creamininja.com,cream-8gby7ereq-luke-wades-projects.vercel.app,dpl_ApoGwir2aaJQxXEWZo9hWmqcM1fu,,cle1,,,,prj_P2Frev1aB1rGdLxUfwpb3w9GuQGC,,,,,
2025-12-22 06:25:15,1766384715335,www.creamininja.com/auth/signin,GET,callbackUrl=https%3A%2F%2Fwww.creamininja.com%2F,200,gcf5c-1766384715335-051f018cddb7,"Mozilla/5.0 (Macintosh; Intel Mac OS X 10_15_7) AppleWebKit/537.36 (KHTML, like Gecko) Chrome/143.0.0.0 Safari/537.36",,production,codex/fix-404-errors-in-collapsible-sidebar-1ktyio,PRERENDER,static,/auth/signin.segments/_tree.segment,www.creamininja.com,cream-8gby7ereq-luke-wades-projects.vercel.app,dpl_ApoGwir2aaJQxXEWZo9hWmqcM1fu,,cle1,,,,prj_P2Frev1aB1rGdLxUfwpb3w9GuQGC,,,,,
2025-12-22 06:25:14,1766384714981,www.creamininja.com/api/auth/signin,GET,callbackUrl=%2F,302,79gss-1766384714981-08a53cd26cae,"Mozilla/5.0 (Macintosh; Intel Mac OS X 10_15_7) AppleWebKit/537.36 (KHTML, like Gecko) Chrome/143.0.0.0 Safari/537.36",,production,codex/fix-404-errors-in-collapsible-sidebar-1ktyio,MISS,serverless,/api/auth/[...nextauth].rsc,www.creamininja.com,cream-8gby7ereq-luke-wades-projects.vercel.app,dpl_ApoGwir2aaJQxXEWZo9hWmqcM1fu,193,iad1,269,2048,,prj_P2Frev1aB1rGdLxUfwpb3w9GuQGC,,,01KD2BQHBEV2HGW8MDWY5ZQFNB,cPmclu3pHH73,1
2025-12-22 06:25:14,1766384714753,www.creamininja.com/,GET,_rsc=1u2lf,307,l2nj9-1766384714753-252f7a74ebc3,"Mozilla/5.0 (Macintosh; Intel Mac OS X 10_15_7) AppleWebKit/537.36 (KHTML, like Gecko) Chrome/143.0.0.0 Safari/537.36",,production,codex/fix-404-errors-in-collapsible-sidebar-1ktyio,,middleware,middleware,www.creamininja.com,cream-8gby7ereq-luke-wades-projects.vercel.app,dpl_ApoGwir2aaJQxXEWZo9hWmqcM1fu,76,iad1,102,2048,,prj_P2Frev1aB1rGdLxUfwpb3w9GuQGC,,,01KD2BQH2ZJ7FEEB89185M2GEB,qWYtnxI4vdZ2,1
2025-12-22 06:25:14,1766384714753,www.creamininja.com/,GET,_rsc=1u2lf,307,l2nj9-1766384714753-252f7a74ebc3,"Mozilla/5.0 (Macintosh; Intel Mac OS X 10_15_7) AppleWebKit/537.36 (KHTML, like Gecko) Chrome/143.0.0.0 Safari/537.36",,production,codex/fix-404-errors-in-collapsible-sidebar-1ktyio,,redirect,/,www.creamininja.com,cream-8gby7ereq-luke-wades-projects.vercel.app,dpl_ApoGwir2aaJQxXEWZo9hWmqcM1fu,,cle1,,,,prj_P2Frev1aB1rGdLxUfwpb3w9GuQGC,,,,,
2025-12-22 06:21:42,1766384502104,cream-8gby7ereq-luke-wades-projects.vercel.app/connections,GET,_rsc=1u2lf,307,6ksqz-1766384502104-8189c5cf8145,vercel-screenshot/1.0,,production,codex/fix-404-errors-in-collapsible-sidebar-1ktyio,,middleware,middleware,cream-8gby7ereq-luke-wades-projects.vercel.app,cream-8gby7ereq-luke-wades-projects.vercel.app,dpl_ApoGwir2aaJQxXEWZo9hWmqcM1fu,10,sfo1,107,2048,,prj_P2Frev1aB1rGdLxUfwpb3w9GuQGC,,,01KD2BH1AY92R3DB3V6214ZHB4,mxeb252GHNFu,1
2025-12-22 06:21:42,1766384502104,cream-8gby7ereq-luke-wades-projects.vercel.app/connections,GET,_rsc=1u2lf,307,6ksqz-1766384502104-8189c5cf8145,vercel-screenshot/1.0,,production,codex/fix-404-errors-in-collapsible-sidebar-1ktyio,,redirect,/connections,cream-8gby7ereq-luke-wades-projects.vercel.app,cream-8gby7ereq-luke-wades-projects.vercel.app,dpl_ApoGwir2aaJQxXEWZo9hWmqcM1fu,27,sfo1,,,,prj_P2Frev1aB1rGdLxUfwpb3w9GuQGC,,,,,
2025-12-22 06:21:41,1766384501998,cream-8gby7ereq-luke-wades-projects.vercel.app/api/auth/signin,GET,callbackUrl=%2Fsaved&nxtPnextauth=signin,302,76tcw-1766384501998-45f3e3ee315a,vercel-screenshot/1.0,,production,codex/fix-404-errors-in-collapsible-sidebar-1ktyio,MISS,serverless,/api/auth/[...nextauth].rsc,cream-8gby7ereq-luke-wades-projects.vercel.app,cream-8gby7ereq-luke-wades-projects.vercel.app,dpl_ApoGwir2aaJQxXEWZo9hWmqcM1fu,9,iad1,263,2048,,prj_P2Frev1aB1rGdLxUfwpb3w9GuQGC,,,01KD2BH18PEM0TPYNS7X3RKK5D,vMcM7OeippXW,1
2025-12-22 06:21:41,1766384501997,cream-8gby7ereq-luke-wades-projects.vercel.app/api/auth/signin,GET,callbackUrl=%2Fauth%2Fforgot-password&nxtPnextauth=signin,302,jmf5z-1766384501997-ecd13c6d0d2a,vercel-screenshot/1.0,,production,codex/fix-404-errors-in-collapsible-sidebar-1ktyio,MISS,serverless,/api/auth/[...nextauth].rsc,cream-8gby7ereq-luke-wades-projects.vercel.app,cream-8gby7ereq-luke-wades-projects.vercel.app,dpl_ApoGwir2aaJQxXEWZo9hWmqcM1fu,8,iad1,263,2048,,prj_P2Frev1aB1rGdLxUfwpb3w9GuQGC,,,01KD2BH18QBXHJHRHMX4F7QYEP,vMcM7OeippXW,1
2025-12-22 06:21:41,1766384501963,cream-8gby7ereq-luke-wades-projects.vercel.app/ai-genius,GET,_rsc=1u2lf,307,zb55z-1766384501963-874454a0638c,vercel-screenshot/1.0,,production,codex/fix-404-errors-in-collapsible-sidebar-1ktyio,,middleware,middleware,cream-8gby7ereq-luke-wades-projects.vercel.app,cream-8gby7ereq-luke-wades-projects.vercel.app,dpl_ApoGwir2aaJQxXEWZo9hWmqcM1fu,498,sfo1,103,2048,,prj_P2Frev1aB1rGdLxUfwpb3w9GuQGC,,,01KD2BH16G42THJKSHJWBCY4W1,8SX9xM1gjcgP,1
2025-12-22 06:21:41,1766384501963,cream-8gby7ereq-luke-wades-projects.vercel.app/ai-genius,GET,_rsc=1u2lf,307,zb55z-1766384501963-874454a0638c,vercel-screenshot/1.0,,production,codex/fix-404-errors-in-collapsible-sidebar-1ktyio,,redirect,/ai-genius,cream-8gby7ereq-luke-wades-projects.vercel.app,cream-8gby7ereq-luke-wades-projects.vercel.app,dpl_ApoGwir2aaJQxXEWZo9hWmqcM1fu,523,sfo1,,,,prj_P2Frev1aB1rGdLxUfwpb3w9GuQGC,,,,,
2025-12-22 06:21:41,1766384501963,cream-8gby7ereq-luke-wades-projects.vercel.app/saved,GET,_rsc=1u2lf,307,76tcw-1766384501963-32aea42ccfec,vercel-screenshot/1.0,,production,codex/fix-404-errors-in-collapsible-sidebar-1ktyio,,middleware,middleware,cream-8gby7ereq-luke-wades-projects.vercel.app,cream-8gby7ereq-luke-wades-projects.vercel.app,dpl_ApoGwir2aaJQxXEWZo9hWmqcM1fu,16,sfo1,107,2048,,prj_P2Frev1aB1rGdLxUfwpb3w9GuQGC,,,01KD2BH16G42THJKSHJRES1MYC,mxeb252GHNFu,1
2025-12-22 06:21:41,1766384501963,cream-8gby7ereq-luke-wades-projects.vercel.app/saved,GET,_rsc=1u2lf,307,76tcw-1766384501963-32aea42ccfec,vercel-screenshot/1.0,,production,codex/fix-404-errors-in-collapsible-sidebar-1ktyio,,redirect,/saved,cream-8gby7ereq-luke-wades-projects.vercel.app,cream-8gby7ereq-luke-wades-projects.vercel.app,dpl_ApoGwir2aaJQxXEWZo9hWmqcM1fu,29,sfo1,,,,prj_P2Frev1aB1rGdLxUfwpb3w9GuQGC,,,,,
2025-12-22 06:21:41,1766384501962,cream-8gby7ereq-luke-wades-projects.vercel.app/auth/forgot-password,GET,_rsc=1u2lf,307,xnnxj-1766384501962-a720c263dad7,vercel-screenshot/1.0,,production,codex/fix-404-errors-in-collapsible-sidebar-1ktyio,,middleware,middleware,cream-8gby7ereq-luke-wades-projects.vercel.app,cream-8gby7ereq-luke-wades-projects.vercel.app,dpl_ApoGwir2aaJQxXEWZo9hWmqcM1fu,15,sfo1,104,2048,,prj_P2Frev1aB1rGdLxUfwpb3w9GuQGC,,,01KD2BH16F1B28QWNQN0SCZVTM,iTadcPaI2Vvo,1
2025-12-22 06:21:41,1766384501962,cream-8gby7ereq-luke-wades-projects.vercel.app/auth/forgot-password,GET,_rsc=1u2lf,307,xnnxj-1766384501962-a720c263dad7,vercel-screenshot/1.0,,production,codex/fix-404-errors-in-collapsible-sidebar-1ktyio,,redirect,/auth/forgot-password,cream-8gby7ereq-luke-wades-projects.vercel.app,cream-8gby7ereq-luke-wades-projects.vercel.app,dpl_ApoGwir2aaJQxXEWZo9hWmqcM1fu,29,sfo1,,,,prj_P2Frev1aB1rGdLxUfwpb3w9GuQGC,,,,,
2025-12-22 06:21:41,1766384501962,cream-8gby7ereq-luke-wades-projects.vercel.app/auth/signup,GET,_rsc=1u2lf,200,qlt75-1766384501962-c5169e90ede2,vercel-screenshot/1.0,,production,codex/fix-404-errors-in-collapsible-sidebar-1ktyio,PRERENDER,static,/auth/signup.segments/_tree.segment,cream-8gby7ereq-luke-wades-projects.vercel.app,cream-8gby7ereq-luke-wades-projects.vercel.app,dpl_ApoGwir2aaJQxXEWZo9hWmqcM1fu,105,sfo1,,,,prj_P2Frev1aB1rGdLxUfwpb3w9GuQGC,,,,,
2025-12-22 06:21:41,1766384501955,cream-8gby7ereq-luke-wades-projects.vercel.app/api/auth/session,GET,nxtPnextauth=session,200,dj9ff-1766384501955-1ba7ca14fd3f,vercel-screenshot/1.0,,production,codex/fix-404-errors-in-collapsible-sidebar-1ktyio,MISS,serverless,/api/auth/[...nextauth],cream-8gby7ereq-luke-wades-projects.vercel.app,cream-8gby7ereq-luke-wades-projects.vercel.app,dpl_ApoGwir2aaJQxXEWZo9hWmqcM1fu,10,iad1,280,2048,,prj_P2Frev1aB1rGdLxUfwpb3w9GuQGC,,,01KD2BH179TRDBRQSPQEH3VVT1,sVB9C2kO55N7,1
2025-12-22 06:21:41,1766384501902,cream-8gby7ereq-luke-wades-projects.vercel.app/api/auth/signin,GET,callbackUrl=%2Fsaved&nxtPnextauth=signin,302,vkmjt-1766384501902-471fc39cfd49,vercel-screenshot/1.0,,production,codex/fix-404-errors-in-collapsible-sidebar-1ktyio,MISS,serverless,/api/auth/[...nextauth].rsc,cream-8gby7ereq-luke-wades-projects.vercel.app,cream-8gby7ereq-luke-wades-projects.vercel.app,dpl_ApoGwir2aaJQxXEWZo9hWmqcM1fu,13,iad1,281,2048,,prj_P2Frev1aB1rGdLxUfwpb3w9GuQGC,,,01KD2BH18G52JESDEJJ60PQWXA,sVB9C2kO55N7,1
2025-12-22 06:21:41,1766384501894,cream-8gby7ereq-luke-wades-projects.vercel.app/api/auth/signin,GET,callbackUrl=%2Fauth%2Fforgot-password&nxtPnextauth=signin,302,2xzl7-1766384501894-f1b38fd4a401,vercel-screenshot/1.0,,production,codex/fix-404-errors-in-collapsible-sidebar-1ktyio,MISS,serverless,/api/auth/[...nextauth].rsc,cream-8gby7ereq-luke-wades-projects.vercel.app,cream-8gby7ereq-luke-wades-projects.vercel.app,dpl_ApoGwir2aaJQxXEWZo9hWmqcM1fu,14,iad1,263,2048,,prj_P2Frev1aB1rGdLxUfwpb3w9GuQGC,,,01KD2BH18G52JESDEJJ3Y3BWG0,vMcM7OeippXW,1
2025-12-22 06:21:41,1766384501893,cream-8gby7ereq-luke-wades-projects.vercel.app/api/auth/signin,GET,callbackUrl=%2Fai-genius&nxtPnextauth=signin,302,x82fd-1766384501893-c8267d37b230,vercel-screenshot/1.0,,production,codex/fix-404-errors-in-collapsible-sidebar-1ktyio,MISS,serverless,/api/auth/[...nextauth].rsc,cream-8gby7ereq-luke-wades-projects.vercel.app,cream-8gby7ereq-luke-wades-projects.vercel.app,dpl_ApoGwir2aaJQxXEWZo9hWmqcM1fu,11,iad1,280,2048,,prj_P2Frev1aB1rGdLxUfwpb3w9GuQGC,,,01KD2BH18FN18QZXQX19NMVW14,sVB9C2kO55N7,1
2025-12-22 06:21:41,1766384501845,cream-8gby7ereq-luke-wades-projects.vercel.app/auth/forgot-password,GET,_rsc=1u2lf,307,2xzl7-1766384501845-54f75e5ba909,vercel-screenshot/1.0,,production,codex/fix-404-errors-in-collapsible-sidebar-1ktyio,,middleware,middleware,cream-8gby7ereq-luke-wades-projects.vercel.app,cream-8gby7ereq-luke-wades-projects.vercel.app,dpl_ApoGwir2aaJQxXEWZo9hWmqcM1fu,10,sfo1,106,2048,,prj_P2Frev1aB1rGdLxUfwpb3w9GuQGC,,,01KD2BH12T06BKM9T80SMC97EX,mxeb252GHNFu,1
2025-12-22 06:21:41,1766384501845,cream-8gby7ereq-luke-wades-projects.vercel.app/auth/forgot-password,GET,_rsc=1u2lf,307,2xzl7-1766384501845-54f75e5ba909,vercel-screenshot/1.0,,production,codex/fix-404-errors-in-collapsible-sidebar-1ktyio,,redirect,/auth/forgot-password,cream-8gby7ereq-luke-wades-projects.vercel.app,cream-8gby7ereq-luke-wades-projects.vercel.app,dpl_ApoGwir2aaJQxXEWZo9hWmqcM1fu,36,sfo1,,,,prj_P2Frev1aB1rGdLxUfwpb3w9GuQGC,,,,,
2025-12-22 06:21:41,1766384501843,cream-8gby7ereq-luke-wades-projects.vercel.app/saved,GET,_rsc=1u2lf,307,vkmjt-1766384501843-246017309ec4,vercel-screenshot/1.0,,production,codex/fix-404-errors-in-collapsible-sidebar-1ktyio,,middleware,middleware,cream-8gby7ereq-luke-wades-projects.vercel.app,cream-8gby7ereq-luke-wades-projects.vercel.app,dpl_ApoGwir2aaJQxXEWZo9hWmqcM1fu,491,sfo1,104,2048,,prj_P2Frev1aB1rGdLxUfwpb3w9GuQGC,,,01KD2BH12T06BKM9T80RPGQA5Q,iTadcPaI2Vvo,1
2025-12-22 06:21:41,1766384501843,cream-8gby7ereq-luke-wades-projects.vercel.app/saved,GET,_rsc=1u2lf,307,vkmjt-1766384501843-246017309ec4,vercel-screenshot/1.0,,production,codex/fix-404-errors-in-collapsible-sidebar-1ktyio,,redirect,/saved,cream-8gby7ereq-luke-wades-projects.vercel.app,cream-8gby7ereq-luke-wades-projects.vercel.app,dpl_ApoGwir2aaJQxXEWZo9hWmqcM1fu,52,sfo1,,,,prj_P2Frev1aB1rGdLxUfwpb3w9GuQGC,,,,,
2025-12-22 06:21:41,1766384501843,cream-8gby7ereq-luke-wades-projects.vercel.app/ai-genius,GET,_rsc=1u2lf,307,6bgrn-1766384501843-25c16e2ae9b8,vercel-screenshot/1.0,,production,codex/fix-404-errors-in-collapsible-sidebar-1ktyio,,middleware,middleware,cream-8gby7ereq-luke-wades-projects.vercel.app,cream-8gby7ereq-luke-wades-projects.vercel.app,dpl_ApoGwir2aaJQxXEWZo9hWmqcM1fu,10,sfo1,106,2048,,prj_P2Frev1aB1rGdLxUfwpb3w9GuQGC,,,01KD2BH12RCPY6K9KNNPPAX06K,mxeb252GHNFu,1
2025-12-22 06:21:41,1766384501843,cream-8gby7ereq-luke-wades-projects.vercel.app/ai-genius,GET,_rsc=1u2lf,307,6bgrn-1766384501843-25c16e2ae9b8,vercel-screenshot/1.0,,production,codex/fix-404-errors-in-collapsible-sidebar-1ktyio,,redirect,/ai-genius,cream-8gby7ereq-luke-wades-projects.vercel.app,cream-8gby7ereq-luke-wades-projects.vercel.app,dpl_ApoGwir2aaJQxXEWZo9hWmqcM1fu,23,sfo1,,,,prj_P2Frev1aB1rGdLxUfwpb3w9GuQGC,,,,,
2025-12-22 06:21:41,1766384501842,cream-8gby7ereq-luke-wades-projects.vercel.app/auth/signup,GET,_rsc=1u2lf,200,dvtjx-1766384501842-429f3aaf02a8,vercel-screenshot/1.0,,production,codex/fix-404-errors-in-collapsible-sidebar-1ktyio,PRERENDER,static,/auth/signup.segments/_tree.segment,cream-8gby7ereq-luke-wades-projects.vercel.app,cream-8gby7ereq-luke-wades-projects.vercel.app,dpl_ApoGwir2aaJQxXEWZo9hWmqcM1fu,193,sfo1,,,,prj_P2Frev1aB1rGdLxUfwpb3w9GuQGC,,,,,
2025-12-22 06:21:41,1766384501837,cream-8gby7ereq-luke-wades-projects.vercel.app/api/auth/session,GET,nxtPnextauth=session,200,cvtcm-1766384501837-cfff124a8f09,vercel-screenshot/1.0,,production,codex/fix-404-errors-in-collapsible-sidebar-1ktyio,MISS,serverless,/api/auth/[...nextauth],cream-8gby7ereq-luke-wades-projects.vercel.app,cream-8gby7ereq-luke-wades-projects.vercel.app,dpl_ApoGwir2aaJQxXEWZo9hWmqcM1fu,18,iad1,280,2048,,prj_P2Frev1aB1rGdLxUfwpb3w9GuQGC,,,01KD2BH13RQCD7YW7RB6S6ZK91,sVB9C2kO55N7,1
2025-12-22 06:21:41,1766384501724,cream-8gby7ereq-luke-wades-projects.vercel.app/auth/signin,GET,callbackUrl=https%3A%2F%2Fcream-8gby7ereq-luke-wades-projects.vercel.app%2F,200,x82fd-1766384501724-d352a3fd66b6,vercel-screenshot/1.0,,production,codex/fix-404-errors-in-collapsible-sidebar-1ktyio,HIT,static,/auth/signin,cream-8gby7ereq-luke-wades-projects.vercel.app,cream-8gby7ereq-luke-wades-projects.vercel.app,dpl_ApoGwir2aaJQxXEWZo9hWmqcM1fu,21,sfo1,,,,prj_P2Frev1aB1rGdLxUfwpb3w9GuQGC,,,,,
2025-12-22 06:21:41,1766384501607,cream-8gby7ereq-luke-wades-projects.vercel.app/api/auth/signin,GET,callbackUrl=%2F,302,jlmtp-1766384501607-9b429bc5c98e,vercel-screenshot/1.0,,production,codex/fix-404-errors-in-collapsible-sidebar-1ktyio,MISS,serverless,/api/auth/[...nextauth],cream-8gby7ereq-luke-wades-projects.vercel.app,cream-8gby7ereq-luke-wades-projects.vercel.app,dpl_ApoGwir2aaJQxXEWZo9hWmqcM1fu,12,iad1,280,2048,,prj_P2Frev1aB1rGdLxUfwpb3w9GuQGC,,,01KD2BH0WEFZ19S974060T7R04,sVB9C2kO55N7,1
2025-12-22 06:21:41,1766384501540,cream-8gby7ereq-luke-wades-projects.vercel.app/auth/signin,GET,callbackUrl=https%3A%2F%2Fcream-8gby7ereq-luke-wades-projects.vercel.app%2F,200,pknmx-1766384501540-6626de36fc1d,vercel-screenshot/1.0,,production,codex/fix-404-errors-in-collapsible-sidebar-1ktyio,HIT,static,/auth/signin,cream-8gby7ereq-luke-wades-projects.vercel.app,cream-8gby7ereq-luke-wades-projects.vercel.app,dpl_ApoGwir2aaJQxXEWZo9hWmqcM1fu,7,sfo1,,,,prj_P2Frev1aB1rGdLxUfwpb3w9GuQGC,,,,,
2025-12-22 06:21:41,1766384501524,cream-8gby7ereq-luke-wades-projects.vercel.app/,GET,,307,jlmtp-1766384501524-3e37935f0a12,vercel-screenshot/1.0,,production,codex/fix-404-errors-in-collapsible-sidebar-1ktyio,,middleware,middleware,cream-8gby7ereq-luke-wades-projects.vercel.app,cream-8gby7ereq-luke-wades-projects.vercel.app,dpl_ApoGwir2aaJQxXEWZo9hWmqcM1fu,42,sfo1,106,2048,,prj_P2Frev1aB1rGdLxUfwpb3w9GuQGC,,,01KD2BH0RVGJZP03WRG5YCYNR9,mxeb252GHNFu,1
2025-12-22 06:21:41,1766384501524,cream-8gby7ereq-luke-wades-projects.vercel.app/,GET,,307,jlmtp-1766384501524-3e37935f0a12,vercel-screenshot/1.0,,production,codex/fix-404-errors-in-collapsible-sidebar-1ktyio,,redirect,/,cream-8gby7ereq-luke-wades-projects.vercel.app,cream-8gby7ereq-luke-wades-projects.vercel.app,dpl_ApoGwir2aaJQxXEWZo9hWmqcM1fu,57,sfo1,,,,prj_P2Frev1aB1rGdLxUfwpb3w9GuQGC,,,,,
2025-12-22 06:21:41,1766384501440,cream-8gby7ereq-luke-wades-projects.vercel.app/api/auth/signin,GET,callbackUrl=%2F&nxtPnextauth=signin,302,ctls4-1766384501440-f295d4390b47,vercel-screenshot/1.0,,production,codex/fix-404-errors-in-collapsible-sidebar-1ktyio,MISS,serverless,/api/auth/[...nextauth],cream-8gby7ereq-luke-wades-projects.vercel.app,cream-8gby7ereq-luke-wades-projects.vercel.app,dpl_ApoGwir2aaJQxXEWZo9hWmqcM1fu,10,iad1,263,2048,,prj_P2Frev1aB1rGdLxUfwpb3w9GuQGC,,,01KD2BH0Q6K4WFPEKKMGMG87A0,vMcM7OeippXW,1
2025-12-22 06:21:41,1766384501416,cream-8gby7ereq-luke-wades-projects.vercel.app/auth/signin,GET,callbackUrl=https%3A%2F%2Fcream-8gby7ereq-luke-wades-projects.vercel.app%2F,200,hvb8x-1766384501416-412eaeba5781,vercel-screenshot/1.0,,production,codex/fix-404-errors-in-collapsible-sidebar-1ktyio,HIT,static,/auth/signin,cream-8gby7ereq-luke-wades-projects.vercel.app,cream-8gby7ereq-luke-wades-projects.vercel.app,dpl_ApoGwir2aaJQxXEWZo9hWmqcM1fu,5,sfo1,,,,prj_P2Frev1aB1rGdLxUfwpb3w9GuQGC,,,,,
2025-12-22 06:21:41,1766384501303,cream-8gby7ereq-luke-wades-projects.vercel.app/,GET,,307,ctls4-1766384501303-73c4c742f1d5,vercel-screenshot/1.0,,production,codex/fix-404-errors-in-collapsible-sidebar-1ktyio,,middleware,middleware,cream-8gby7ereq-luke-wades-projects.vercel.app,cream-8gby7ereq-luke-wades-projects.vercel.app,dpl_ApoGwir2aaJQxXEWZo9hWmqcM1fu,13,sfo1,106,2048,,prj_P2Frev1aB1rGdLxUfwpb3w9GuQGC,,,01KD2BH0N0BZ61YTH3BWGAYG5W,mxeb252GHNFu,1
2025-12-22 06:21:41,1766384501303,cream-8gby7ereq-luke-wades-projects.vercel.app/,GET,,307,ctls4-1766384501303-73c4c742f1d5,vercel-screenshot/1.0,,production,codex/fix-404-errors-in-collapsible-sidebar-1ktyio,,redirect,/,cream-8gby7ereq-luke-wades-projects.vercel.app,cream-8gby7ereq-luke-wades-projects.vercel.app,dpl_ApoGwir2aaJQxXEWZo9hWmqcM1fu,130,sfo1,,,,prj_P2Frev1aB1rGdLxUfwpb3w9GuQGC,,,,,
2025-12-22 06:21:41,1766384501010,cream-8gby7ereq-luke-wades-projects.vercel.app/auth/signin,GET,callbackUrl=https%3A%2F%2Fcream-8gby7ereq-luke-wades-projects.vercel.app%2F,200,rjmkp-1766384501010-833467252e8a,vercel-favicon/1.0,,production,codex/fix-404-errors-in-collapsible-sidebar-1ktyio,PRERENDER,static,/auth/signin,cream-8gby7ereq-luke-wades-projects.vercel.app,cream-8gby7ereq-luke-wades-projects.vercel.app,dpl_ApoGwir2aaJQxXEWZo9hWmqcM1fu,240,sfo1,,,,prj_P2Frev1aB1rGdLxUfwpb3w9GuQGC,,,,,
2025-12-22 06:21:40,1766384500985,cream-8gby7ereq-luke-wades-projects.vercel.app/auth/signin,GET,callbackUrl=https%3A%2F%2Fcream-8gby7ereq-luke-wades-projects.vercel.app%2F,200,q4hrm-1766384500985-39a6f6e48cb8,vercel-favicon/1.0,,production,codex/fix-404-errors-in-collapsible-sidebar-1ktyio,PRERENDER,static,/auth/signin,cream-8gby7ereq-luke-wades-projects.vercel.app,cream-8gby7ereq-luke-wades-projects.vercel.app,dpl_ApoGwir2aaJQxXEWZo9hWmqcM1fu,243,sfo1,,,,prj_P2Frev1aB1rGdLxUfwpb3w9GuQGC,,,,,
2025-12-22 06:21:40,1766384500948,cream-8gby7ereq-luke-wades-projects.vercel.app/auth/signin,GET,callbackUrl=https%3A%2F%2Fcream-8gby7ereq-luke-wades-projects.vercel.app%2F,200,qtqkh-1766384500948-8742cf7c4c2c,vercel-screenshot/1.0,,production,codex/fix-404-errors-in-collapsible-sidebar-1ktyio,PRERENDER,static,/auth/signin,cream-8gby7ereq-luke-wades-projects.vercel.app,cream-8gby7ereq-luke-wades-projects.vercel.app,dpl_ApoGwir2aaJQxXEWZo9hWmqcM1fu,279,sfo1,,,,prj_P2Frev1aB1rGdLxUfwpb3w9GuQGC,,,,,
2025-12-22 06:21:40,1766384500913,cream-8gby7ereq-luke-wades-projects.vercel.app/api/auth/signin,GET,callbackUrl=%2F&nxtPnextauth=signin,302,rjmkp-1766384500913-eed1ca33865c,vercel-favicon/1.0,,production,codex/fix-404-errors-in-collapsible-sidebar-1ktyio,MISS,serverless,/api/auth/[...nextauth],cream-8gby7ereq-luke-wades-projects.vercel.app,cream-8gby7ereq-luke-wades-projects.vercel.app,dpl_ApoGwir2aaJQxXEWZo9hWmqcM1fu,10,iad1,262,2048,,prj_P2Frev1aB1rGdLxUfwpb3w9GuQGC,,,01KD2BH06R0VAJMPHD6FKN9BHK,vMcM7OeippXW,1
2025-12-22 06:21:40,1766384500822,cream-8gby7ereq-luke-wades-projects.vercel.app/api/auth/signin,GET,callbackUrl=%2F&nxtPnextauth=signin,302,q4hrm-1766384500822-ec194c07473f,vercel-favicon/1.0,,production,codex/fix-404-errors-in-collapsible-sidebar-1ktyio,MISS,serverless,/api/auth/[...nextauth],cream-8gby7ereq-luke-wades-projects.vercel.app,cream-8gby7ereq-luke-wades-projects.vercel.app,dpl_ApoGwir2aaJQxXEWZo9hWmqcM1fu,10,iad1,262,2048,,prj_P2Frev1aB1rGdLxUfwpb3w9GuQGC,,,01KD2BH05V9VMFZ1AQNM8Z1SGM,vMcM7OeippXW,1
2025-12-22 06:21:40,1766384500787,cream-8gby7ereq-luke-wades-projects.vercel.app/,GET,,307,tv5k4-1766384500787-8d6a2ed72286,vercel-favicon/1.0,,production,codex/fix-404-errors-in-collapsible-sidebar-1ktyio,,middleware,middleware,cream-8gby7ereq-luke-wades-projects.vercel.app,cream-8gby7ereq-luke-wades-projects.vercel.app,dpl_ApoGwir2aaJQxXEWZo9hWmqcM1fu,10,sfo1,104,2048,,prj_P2Frev1aB1rGdLxUfwpb3w9GuQGC,,,01KD2BH04R3B9Z5N03WCT48NBS,mxeb252GHNFu,1
2025-12-22 06:21:40,1766384500787,cream-8gby7ereq-luke-wades-projects.vercel.app/,GET,,307,tv5k4-1766384500787-8d6a2ed72286,vercel-favicon/1.0,,production,codex/fix-404-errors-in-collapsible-sidebar-1ktyio,,redirect,/,cream-8gby7ereq-luke-wades-projects.vercel.app,cream-8gby7ereq-luke-wades-projects.vercel.app,dpl_ApoGwir2aaJQxXEWZo9hWmqcM1fu,122,sfo1,,,,prj_P2Frev1aB1rGdLxUfwpb3w9GuQGC,,,,,
2025-12-22 06:21:40,1766384500786,cream-8gby7ereq-luke-wades-projects.vercel.app/,GET,,307,2pf4f-1766384500786-85c8fb616c25,vercel-favicon/1.0,,production,codex/fix-404-errors-in-collapsible-sidebar-1ktyio,,middleware,middleware,cream-8gby7ereq-luke-wades-projects.vercel.app,cream-8gby7ereq-luke-wades-projects.vercel.app,dpl_ApoGwir2aaJQxXEWZo9hWmqcM1fu,11,sfo1,104,2048,,prj_P2Frev1aB1rGdLxUfwpb3w9GuQGC,,,01KD2BH01PC9MCA3Z1D1T6MP9C,mxeb252GHNFu,1
2025-12-22 06:21:40,1766384500786,cream-8gby7ereq-luke-wades-projects.vercel.app/,GET,,307,2pf4f-1766384500786-85c8fb616c25,vercel-favicon/1.0,,production,codex/fix-404-errors-in-collapsible-sidebar-1ktyio,,redirect,/,cream-8gby7ereq-luke-wades-projects.vercel.app,cream-8gby7ereq-luke-wades-projects.vercel.app,dpl_ApoGwir2aaJQxXEWZo9hWmqcM1fu,23,sfo1,,,,prj_P2Frev1aB1rGdLxUfwpb3w9GuQGC,,,,,
2025-12-22 06:21:40,1766384500393,cream-8gby7ereq-luke-wades-projects.vercel.app/api/auth/signin,GET,callbackUrl=%2F&nxtPnextauth=signin,302,qtqkh-1766384500393-f8c4562f0f9d,vercel-screenshot/1.0,,production,codex/fix-404-errors-in-collapsible-sidebar-1ktyio,MISS,serverless,/api/auth/[...nextauth],cream-8gby7ereq-luke-wades-projects.vercel.app,cream-8gby7ereq-luke-wades-projects.vercel.app,dpl_ApoGwir2aaJQxXEWZo9hWmqcM1fu,287,iad1,259,2048,,prj_P2Frev1aB1rGdLxUfwpb3w9GuQGC,,,01KD2BGZWANF9EFJDX14E2W06Z,vMcM7OeippXW,1
2025-12-22 06:21:40,1766384500372,cream-8gby7ereq-luke-wades-projects.vercel.app/api/auth/signin,GET,callbackUrl=%2F,302,hvb8x-1766384500372-f46b550583bc,vercel-screenshot/1.0,,production,codex/fix-404-errors-in-collapsible-sidebar-1ktyio,MISS,serverless,/api/auth/[...nextauth],cream-8gby7ereq-luke-wades-projects.vercel.app,cream-8gby7ereq-luke-wades-projects.vercel.app,dpl_ApoGwir2aaJQxXEWZo9hWmqcM1fu,757,iad1,281,2048,,prj_P2Frev1aB1rGdLxUfwpb3w9GuQGC,,,01KD2BGZW9P7YX0FW1VQE1QY2X,sVB9C2kO55N7,1
2025-12-22 06:21:40,1766384500229,cream-8gby7ereq-luke-wades-projects.vercel.app/,GET,,307,2pf4f-1766384500229-fb187a51bd37,vercel-screenshot/1.0,,production,codex/fix-404-errors-in-collapsible-sidebar-1ktyio,,middleware,middleware,cream-8gby7ereq-luke-wades-projects.vercel.app,cream-8gby7ereq-luke-wades-projects.vercel.app,dpl_ApoGwir2aaJQxXEWZo9hWmqcM1fu,13,sfo1,104,2048,,prj_P2Frev1aB1rGdLxUfwpb3w9GuQGC,,,01KD2BGZKN3ZWKM2QG51GMAM2S,mxeb252GHNFu,1
2025-12-22 06:21:40,1766384500229,cream-8gby7ereq-luke-wades-projects.vercel.app/,GET,,307,2pf4f-1766384500229-fb187a51bd37,vercel-screenshot/1.0,,production,codex/fix-404-errors-in-collapsible-sidebar-1ktyio,,redirect,/,cream-8gby7ereq-luke-wades-projects.vercel.app,cream-8gby7ereq-luke-wades-projects.vercel.app,dpl_ApoGwir2aaJQxXEWZo9hWmqcM1fu,155,sfo1,,,,prj_P2Frev1aB1rGdLxUfwpb3w9GuQGC,,,,,
2025-12-22 06:21:40,1766384500169,cream-8gby7ereq-luke-wades-projects.vercel.app/,GET,,307,cw6x5-1766384500169-f1e802daaa2c,vercel-screenshot/1.0,,production,codex/fix-404-errors-in-collapsible-sidebar-1ktyio,,middleware,middleware,cream-8gby7ereq-luke-wades-projects.vercel.app,cream-8gby7ereq-luke-wades-projects.vercel.app,dpl_ApoGwir2aaJQxXEWZo9hWmqcM1fu,39,sfo1,103,2048,,prj_P2Frev1aB1rGdLxUfwpb3w9GuQGC,,,01KD2BGZJTJ5Z8FE515FEMZFJA,mxeb252GHNFu,1
2025-12-22 06:21:40,1766384500169,cream-8gby7ereq-luke-wades-projects.vercel.app/,GET,,307,cw6x5-1766384500169-f1e802daaa2c,vercel-screenshot/1.0,,production,codex/fix-404-errors-in-collapsible-sidebar-1ktyio,,redirect,/,cream-8gby7ereq-luke-wades-projects.vercel.app,cream-8gby7ereq-luke-wades-projects.vercel.app,dpl_ApoGwir2aaJQxXEWZo9hWmqcM1fu,191,sfo1,,,,prj_P2Frev1aB1rGdLxUfwpb3w9GuQGC,,,,,